"code";"rate"
"bf54b1ce30ffa5cd351eae5473c09b5e";"8.22210513296848"
"b068b5560942ddc0ca13a30c1838d317";"11.7144279477033"
"77e8bfe567f25066fb4d7fdf4acf625e";"17.2676348310411"
"49a0dbeba985004b52260da211db15d0";"20.5058689114649"
"ce76971cd721b4989d130d205b1793f5";"14.5449550073592"
"7589cc9d73ee578dec39df60229d3ef4";"14.5327667388492"
"12995972c74b0b8ea2785d9c7351c272";"7.77911169493481"
"60bdb098021e161d4d1911cd6c4a7e7a";"9.05908827807937"
"22ea335bd3cf44a0b7af6dd50bc25459";"8.30153921183467"
"6d741b7ab93b008d580afcbc9aa04ef0";"11.6312509808603"
"0cf23f8420dc812156d5bb7eeb7db6b0";"9.33126402384121"
"8cd0d663e91ad556ebec03c431968102";"9.31217269227462"
"eac628ceb0017a9306f5c41902b74a5d";"9.15230960429234"
"84eff6485890b8d5e1c41756e0cc2fc9";"24.1833782658625"
"7c7ae72875f35f484b5045b67e108fc5";"22.096540122392"
"ae694b946041af567b97759d9d8b1a11";"7.48073815681417"
"c2b216822493dcfa236583a5b293f5c1";"7.72057758470064"
"88dd75c3235cebebd2e315116a1bd2b6";"14.8257635901719"
"73d13453c1020d32678adecb14084651";"11.5203937973032"
"a1deedc7b95c471586ffe5246892e4de";"10.8899575374864"
"47ccf0bf71ee48a29b2946a9e31a17c6";"13.2673181860485"
"2ce5662d0746f83ae4cc88d7c4a17619";"10.3771747199475"
"e7d0347685d8a932d81153908b1a243c";"33.1314206588153"
"35a7c7c1a64151f97109b3d9d9a1ba86";"19.800221529933"
"60582a01cd18284b7b9fcd0e8bac4ae2";"20.5253568985886"
"6b8e974c1c35cde7be376f42b1e62cf4";"66.3646038488662"
"18946a7de44e165f8153040cca3c03e7";"39.937251044379"
"077a54f2bb3e3ee37a1df209fa63bf5e";"8.04599465657033"
"40191be3198827112000badf7b88aa5a";"23.9135036425001"
"1b041f19291f5ba8f84ca4682d4a3fa2";"12.4117912580465"
"9ab962b263259b750ecd06fd484ce75b";"14.5914558034891"
"82b08333cd6aeaebaf08e7f6b249b7fa";"9.65771394739688"
"30a8d8a5233a58bfedb1d6b1ecac099b";"12.3454729872791"
"d744800f10b906c7a6802c1a701e223e";"12.3196557195308"
"6010ea1f7c179305037847af84eadd07";"13.8532657884372"
"452477ca5f5e3e70ab6635766a45fe3c";"13.7746716100941"
"7e27d71985f9302da4d503c77f71a7dd";"16.0595286183179"
"b50b057d4d3d79c73140839e2ef0cf46";"23.6272748616367"
"cd2d8583a779c273007449e21ad74106";"13.2812712966793"
"e35e83178158263d8f7e93d548637a3c";"16.5041219272396"
"d90af16a4c1aa02d7384c408364caaf0";"15.6678271744783"
"b782eed22c3eb2353c09879f39ff8902";"15.4050643514438"
"858e42876a2338ed7ae17e39a7d5a87e";"9.18499954118415"
"09aeb3b359cc268043d47297984a5ee0";"10.9380960044875"
"852c445b8586049c124e02545a2b7972";"10.0400053717433"
"20405107787331bbb0235bc139c2003c";"10.9079918138825"
"f4cae9e40e0232c49b9d148e1ba58b66";"7.67780716568597"
"a4c453c5dafdbe1c96b26eea09bc0552";"7.47738347648639"
"a88953bf18f05b27775f27ee4be8c91a";"9.60794071447632"
"49ccf217bb4e795bfb267986c7d32857";"8.15347451283026"
"d9b2e3177cb3db1b729e4f87796839fc";"12.6747133828667"
"712f359f4ca0546227bd68e5bf3e4c90";"27.5626634057819"
"503365372918cd655c2e59a6a0646370";"21.8491769730903"
"24df4dbff63d1c695dc0332a0c87bc89";"4.5766566604536"
"46d5237d655ba6af1ca48124b45d6122";"5.2880566171724"
"cfc878e6c12c7eb35e55fd2088ed89aa";"12.4944365216933"
"af3dcb3246df7d8362b61cda2619b9ae";"15.9931959077235"
"689029f06e35c598152d7d2766b281ff";"13.5045697476291"
"3383ecfd1d256579c063fc6a7fefe43e";"5.32306567379454"
"f273da08b77d8ae267c3dfed9522936e";"4.9601464221015"
"975c826ce8707476945befb24a16bb77";"5.39080884899819"
"5ad0ea9d6bfefb986e831d08c3c999a2";"5.00023096589862"
"ab2eb338e4bb12978b6e6e2160adaf9b";"5.61634197763706"
"436afeb53459a11b6dd53cdc8a36f25c";"4.91991197814678"
"c776cbd9e2f1ef6c0f94fc8141e9dc93";"5.12642897057846"
"587f8f4c1cd9219f77920c367609039b";"5.53576720500877"
"8706cd2990f074c9b45fae796881e17a";"11.4578113548994"
"0be1bbfa40b4452603b51217110633e6";"5.57764690915452"
"622c0452605391fb63529158bebfd9d0";"4.89863877215009"
"ac9a67a1f9d4bc4088fccecc23797c7c";"4.12719530610341"
"edda14a072a16552e616a47935104c50";"8.01537120820878"
"1c2695253ccc25f3ab0bd3a965fa7227";"5.1115219775946"
"be675deee436db88bb502fd111751da7";"4.71592619516133"
"a2d5fab487e1fa7a48be62b0975e77dc";"8.93069930244137"
"3d94313637295426a2a6b48f13bc3eea";"6.12393346025296"
"b8911b7491d7ab72163ce765dbb706e6";"8.3235491646109"
"32a850cf505419e431143492fd940652";"10.0497331961411"
"eb1667fa0a3b444f13dc5f51b800db95";"8.22952228130615"
"bf452464e15e65d835ac67a342ab700a";"6.30377036131963"
"0bba0e7c06ecc51fc85125343799bde0";"11.1425004226162"
"66021a62ccc3f070bd6ea2dc41150f0e";"6.02181592691968"
"22048f77a049aed8a9c00e5846439fe4";"5.41377064924338"
"6719c9a9ab4442dfe45e0b9afd5cd981";"10.6042179730521"
"72c1c9852eaf2867db5db6163660aff9";"9.07692045960951"
"1ecb09fde9f8f6ea61e240d3add72209";"6.43158777089241"
"d6ba79738cdd31a65ff61f39e126a48a";"4.90843286817603"
"3c4c8766a0fefc3d14ba1868ebae306f";"7.71358029160581"
"46f4aa425e737bdb9692fb97710aeec5";"7.35993124098652"
"8944f342ef0cf9ebe569f8add43d48da";"5.37311682066603"
"a7e58dfa9c44c58f1949036ffd95c230";"4.42497079479306"
"c868ce248a700f78c67e709f9a692151";"6.4743928760987"
"0fc6bc99a8d85d262f14ecb19f382cde";"12.330342808412"
"4d69ccb1d0d10185e4423fed4cc7c51e";"4.84004723294614"
"79f5f852498911f6c01bb5f99b2d7a8e";"4.50009301236669"
"c24db3fbf9839eea4b67c793346ad492";"5.6067554436928"
"0213e2ebddae416ce92572e6deab2f87";"5.10638941477782"
"77ce304002813edfe8b8cea19bb07980";"4.99407179043887"
"62f4ccf174f9aa425257743147419023";"8.19505819066722"
"744bc5d1a984f55ffe376e074854f30e";"15.8445628140338"
"72c386a7a0e54b6e8d3abec37b5284df";"16.3656465373223"
"6f73e477c714731a0278a1cd5ae2ca1c";"8.08799849529829"
"5edf3f4bd98e862fdfe542b7411fd5f2";"4.56980116634415"
"b80b3be9111fb4013724675e23bb52e7";"14.0677280330259"
"a9ae8eea9de80bc5e24e80d3ab474934";"6.74957276022287"
"ff40f517ce98e356a90e969ee58fc05e";"6.50056666445573"
"ce475224e66e8c05b941f9f35fc0cfa7";"4.79922912274433"
"b33d2574469df0b0814cd84aa5068f11";"6.4432281755612"
"5170d65ffc7dcea24379356f36d5ad24";"5.81904220064202"
"0cf5cf6b2d51228d755b025b7e6d9fe5";"9.69717720651571"
"506092d74484041d850e5762842987f2";"5.04128334930654"
"31315ee1688a412dbcefe5a155468d28";"5.06804136230283"
"1e38c5a28097ccb628953fda5d0cb83d";"5.10196406026335"
"3babd690dae45a506f112971fd6a0e16";"5.53336819616473"
"1ffcc16c5953b65f575eafe46ff02385";"8.06303789346191"
"76c3fcf371e5f1f3306532a60ad3892f";"11.0154004596758"
"13866aa460d2c0aa0936fa604c019acf";"4.75909023861868"
"8f510a227c1524c707b688adc96b8c39";"6.50575882337914"
"1d24e56b4f4924c9636463758fe897bb";"6.7580784277315"
"a6a2c76745c0d985d9f51e2f4e21a1cb";"5.8085808614051"
"0e2c6aea5bbdfc9e9a166eed28928295";"6.2067329649524"
"2296c12f0933b4edede3518dc554871f";"11.2754933348305"
"f2b4a7a348c9a4414280bd62f0486d77";"6.98452408805509"
"2babc0e50479a9028f56ad26f19b93bc";"11.6210044575671"
"b8c9a1c1d743ed2c66f85f052383ecb3";"6.25379656521214"
"4315f717c8242a7dab3b6c3b464c7be1";"13.7176273454044"
"d287e0b7a97671c8280c2a7da24a945c";"6.27828792196144"
"8f1034d16c670e31ddb16398d50e0dd2";"5.62961678304734"
"e19294d3d00994de41759d1cd66ac585";"5.38193358477606"
"8dfda624d3e4e5260bc76694db79cb7d";"6.30174773877696"
"2839b8782dcd7b19fce28a10f812b0cc";"6.19866540109602"
"2c1eb21449f0d81785c4fd0754ebfcd2";"12.7648284760816"
"6575e4de5b906c5b462251b600e815d1";"7.02631857428956"
"01764d5343aed4d97065e3d1d2a3c7ef";"13.6550567431561"
"3a8db315265130c868e4d2af4f938074";"7.84118480842543"
"643bd887fe9d42a90ea421977d0800bf";"8.11071396973739"
"d19772b627d1be9a55203e8664b089cc";"7.01230169805875"
"9606ad10ab05d8b97501c3260310b1d6";"5.55457720226956"
"df208018dbd6ddc51c67ac3f650d373f";"10.026354151401"
"a3743f4d418bf10b0314ea06eda0f366";"12.3969955440155"
"a43266936eecf717be43164aec5a5861";"10.2766696969575"
"0a1df97efec52bd0c807e61cec840b7a";"13.5305798308445"
"e44aa54a6a8c9b3b4779ad8d16a03b64";"11.6176086248432"
"d121fb12c18178e0a37525805f1a7fe1";"7.03897994147551"
"a497ab3afe8982fd6209389d3a920bd2";"6.19328672483944"
"48851ca8e473f0f4ba1b51435584d5f6";"12.0365197677194"
"91e4a29152e0de539855cce1fc38ecc1";"7.56291699346703"
"bc28303a32a3ce26b468ac42dd679b68";"14.4910965951804"
"ef2c7f6a76962fe07776ecae9b3ab7f4";"10.3213487109164"
"435cf4716cf9a3ee13b699a7287e8d14";"4.88411804177828"
"6fc1b4184b5de52e21ada531cccd04ee";"38.6165901540888"
"de88a3d7338bbc291e9225cbfca71d90";"43.790441367211"
"ae95891044ee1a5b4234262be377b0f4";"30.6356304341291"
"de9ab61732c35feae771439b142f0492";"31.7288437416991"
"e48d8057898214bad2675a66a033443a";"28.1022093089055"
"ca3e801e85b443eba0efdc5bda7acce5";"23.6754085617647"
"e5b7f3ebd6450dc9c967f604907b642b";"15.4282951939696"
"02864fd6687f0d7ffba89ea7f5c9884b";"17.9942588345633"
"f6c9666630876178f69a711dfbe0b3dc";"18.4555676450103"
"7412b7b0155d873f7d2a21221d56fff1";"16.6031193654134"
"124f6ce1fe5b679469fee455d086cc44";"18.3904336563978"
"2fe1e9ab1bdd8dfbba32a11987f21efd";"10.020894766324"
"1cdb58b91e5477c5dfb80bdac47e24e0";"22.1602521709988"
"43a7abdb1a1cd9f453f574ba490adb00";"21.6077238975821"
"691d0273b65a242e1e54bcea438a66de";"18.7305936169138"
"232705bebfd4790a75e59c89ad48bbf7";"15.9913638384612"
"0686c78b33eb2c5e508f5c3149cf37e2";"11.6238498698777"
"ec52caeaf4e9368a35f30f442c48bb14";"10.8463602853281"
"e0234a865b37590c13d79e5b5eee2333";"11.0681436711967"
"48a195629bf8db01197ed7d23e1a8cab";"13.9577849628123"
"1150664accd2e21e6eb6e5d347569273";"16.775061389203"
"a16b20c3d2f768f068e0d8c2bce137b1";"14.6614070249531"
"1d9d0c1b74300b4bcdf86329bbcc4ba7";"15.3680513691821"
"4d3b0e73649903677e4c7467eed9c76d";"21.0395071409528"
"31a18481e6f1686206649ba3cb66c0d2";"58.0352663920001"
"af85d34a03090e936611d08886cefcf3";"21.8140203430625"
"88f8d5bce2fc30803173c2d3d1680ed9";"11.8540280259633"
"0f2035b4a35efca9c8dfe6e0fc01d845";"10.1227373790491"
"dd3adcff45351dbe4526f9708d99c947";"9.60196973924628"
"cb0c206f233cca19be792bd302a3e5e6";"14.4700216035428"
"3fb4abdae92e663bd00115bab514f380";"9.23927184918427"
"a1d500ac2911704ca22ff1722bb87f09";"10.020961209118"
"f38e2b30b7f445b5989449e08e7af777";"22.3412923355512"
"59f1b872f00e3a40e742e28d3504463a";"10.79814305967"
"032aad4f635aeddff044370755782b89";"24.7539757270165"
"19bfc34ea07a1b71d25edba4cc0fbc97";"23.3440456574518"
"b3a422246e3fb6540a0ec3fbe0d1ba4d";"11.790814717686"
"89b7995a4cfeae7d308b36ed206ca57c";"15.1372452237083"
"c8f602073fa456b7306ce689c0100a2f";"11.745921366782"
"3289a57b9d83d99c40bfedda0254108c";"14.172078557362"
"bdc6787bb2456ed6170821f87a76bd53";"12.3512034102425"
"200f4b840a768286b3d48299e9f37847";"15.1523790195913"
"f6aa9382060d531b9ba07917a780f491";"24.3255686359219"
"e09273a1b3cef53137be3d87d4d2d39e";"19.8549601178444"
"45011f2b2b2dba743371b2e8ba66029c";"12.7025699119559"
"dd9219bc9d25afbfae60fcf2e9907acb";"12.552299694726"
"471ce1271f0a1d2f374f4a7bcd4d77fd";"22.6905478338751"
"a31adce812ee2cccb4bde33b1e7cb3df";"16.4817038310248"
"25b05165678af331f9c6ea25ff3b83f3";"11.0475840238134"
"353bedc6bda9d637244aea00636e27a8";"15.3613643211283"
"4e074060d9fee65e7ab7d691124b517a";"18.3441868191645"
"33ac013558fd9483e9299ef61c66eff4";"20.1015544818175"
"cce263bea1b4af4add39eac153d6b8a1";"15.3824637033377"
"840e29b3363dc79d6570679a0c6cf316";"20.1752462282539"
"b748818dab9e48b76b7f581158c75a87";"16.7597003248728"
"b8b71e683d71bc64816868ceaf77f834";"13.4573444723523"
"52a5f6ba43dd87900030e030ef5040ba";"13.2115096507585"
"6d5a79ecf81cdbaaa11a4c05c0dade50";"18.1958932519364"
"0ea090fbab7967d2f78ce91498d2c0b9";"22.047258797133"
"55fdc2b697a61d4ecb02aa1de103cab4";"28.4523765787657"
"7a11500c777ca76756a181848f738f6a";"47.3227533552384"
"dd4e62efba78bbfde3f6f0ae2654ec01";"45.0124571650367"
"11ff52d412be759781ee98a1d6ad9634";"14.382839337583"
"b168694b506cd47a0cf5adfd0223f2b1";"40.9357360591765"
"289236bd427de56da07282ed0cbfaddf";"28.6194115005604"
"49b136fe55cc5afc85282693afdc3cf9";"17.5299074597941"
"3c37cec7445133941721420994f0ca77";"16.2953311996773"
"df8a00a16ef8081ab480f0ce88edb6c7";"21.1411859622023"
"837ef0e6bfbfc871b4e8c1d76a88e6d1";"53.15816129408"
"9a7adba18a95a80e5c7562ff70db7763";"32.6337609819436"
"88a3b5710708f8a2fdf9bed7cdd964e3";"25.1956805235776"
"fc46d48d6d765ae6f4cbc904053d7a8e";"22.909858399985"
"e1bd7be38700906bfbe4613ad37e725b";"16.6977846061664"
"f66294107e0f1fb15d90ff5892375185";"14.0013710408569"
"373db1eb027b92f2b4d3abd85456d1e1";"11.9321803840033"
"5a31457cf8d6bea2016a1080dad8cce3";"11.3310995214825"
"be3086738765bb0401cdb5a9a9529908";"13.4857327654816"
"1a47f9566a3d83af800667e3ef8da363";"11.0616305348307"
"2bec57246411100ac2eb4cd59b4e0002";"11.6756645894045"
"d47f531bf63abc16b989e67026c3d0d8";"13.3593054365418"
"9aa7999bfb166f665c766acc39c2bf1a";"20.0767881596365"
"4b951281c4d1314dd06eabc7066e531d";"13.0804016711026"
"6c159d3eff5462524b3e897d898d4e94";"10.1460533121856"
"57a116a00f656709eb576d225f36f202";"11.5614352392848"
"283e50c2d218c806a38434413af25dc4";"13.1225275832181"
"bb62a1202c9f08278ce85575e309aa96";"9.43041247939498"
"8a252a6416208a4296df58717b26205d";"9.31697993033998"
"68873033e1dd4170cf21eede94b499e8";"19.3822728011471"
"93982bb48ac963faf275b7d12b0376e9";"12.2041060168271"
"5c03894ecc313c616ecf359217df875b";"9.75268301713423"
"a7c0bd0f3f587bf40399888c0b8a1654";"15.02921295895"
"a5e9b6910828110829458179fc622dba";"12.8527089681752"
"a1685489bb562f0af41515f770a1e23e";"36.2432753036349"
"0009c8be3e080b04dd82b6d5606f6e3e";"22.6946349391713"
"42ed925afa65cf46f74426120b1fcfd8";"16.0405810474813"
"027a5041e9a0ada82482d1ba242df459";"15.7360984594758"
"b92330e30c95b4f0dbd33a4ec0af029d";"18.5436626545799"
"422c211e8adc5c13717b9f3c7eb9efec";"31.6952348285964"
"ba740a9a81cf509294283f02c337bf69";"55.2124452727249"
"c0519163382925315154b04e8d106d49";"22.1750473133177"
"bb97b3a5068c53dc9fa5dd35c3fb2645";"9.62504357670557"
"2926e244001a54c50710bd7649f07f25";"9.71753611181613"
"e4eda48ff70d93926021648347b7aeee";"16.2162638957229"
"a50519e3ab6f7639dc46924cd443a53c";"16.0285228375153"
"eee10c1fd0ea219d33b5eb4898fdbb6c";"17.6349612195119"
"f916e18a01f9a9bd197352527d88b605";"22.9353999499083"
"1d5327ad705673f9fa81def39c77e313";"21.5408574606036"
"0c8aea9950e6879e42baac28e5e45ffd";"14.0402909184283"
"38fd1b6010c92c1279c35fe4d7cdd13a";"11.8393248556114"
"a5527755a26606629fab1c9d1881b8a7";"28.7970370305911"
"9d712f2e5a0e6e27c8183e95bdb33f2c";"21.4543447661089"
"d0b3d2ef906b6732736c0974b6aa082a";"21.3118700064688"
"975303326cd78443cd0c94c4541fb331";"12.7512244467829"
"375267a30258ac0b209400072ddb7273";"11.9894213047883"
"d903197bac08b5f98fc8695c5e651bdd";"10.1743100649865"
"3714cbd0813662848516b71bab9550e4";"22.1861672708193"
"cc3cfad585b7292b5b1e2c65e91468bb";"21.7592411490704"
"2ce7e3c6b817d4de72cb63bfad3d3834";"30.8941341790933"
"92d9ef9b0e654b40a0cc2f49e6b7ccc1";"12.9006192483644"
"1f4ed6281ba880126ee69df589d5c84c";"26.8223574354283"
"0692dcecd611cd34338efdf73bbacfe8";"22.3755518801284"
"bb84dada4a409d13a18a3c8ed2e46935";"18.1680129824338"
"4247f9ab03bd49bb9988504c45124c4d";"13.2695460100767"
"fdc74b4bdb4984e8c010a9322bde3893";"13.0056894020747"
"b6552903666db04cb0f5e59ea48acedd";"42.5310778541607"
"aa34533784adf18d9897d43cfdeff9c8";"15.4977015242304"
"2f3051be766f3153ee69f96defc61f5b";"21.7571029530838"
"4005362ebc1b3a4ee4611332ece8bd78";"17.3080430782196"
"e2a33187275dd7b6bc2173e926dc91d8";"21.3963087957539"
"4c5f50bbfb3e0e6d8b75ba3b7aab130e";"15.6429779398834"
"6a7a3a6db3cf5af2f73d697a81b78239";"9.72700038472833"
"b29cf6edb71b1052eab6e9f3b76ff7ef";"8.77989182370679"
"a3e193d3a8e693e181d136db24e83bd6";"16.9918508688751"
"cffeae3dd5b659c0b734247c9fb672af";"18.5838040475519"
"3589dc4d2c06197ffd2c9824fefee73e";"25.2133007582954"
"b6140af76b20584a9b71216a6443c11c";"24.669371202937"
"707c3e7cf27947f883e83551d3de9797";"27.2692583950864"
"7a514be28b24e38201871d9eb48b75af";"25.6656505752197"
"141fd31bf9f588d0c8a025d141145666";"24.3021308471828"
"52e7b67a3797ff9c98fb57d3b2efd8af";"21.5783344467387"
"0042329b10e7d4960d50295ad6e3fcfc";"17.8794338595217"
"e10eac1aa27ebfb36945d11e039be4ab";"15.3487715923447"
"1a0b97269681620caa02658c8b6f4ff1";"17.5012554779603"
"9ab69df3ac3a685d878d587dec5d363e";"10.6711670266279"
"7ee50118110a25c5588837b1c13cd8f4";"51.6913570233146"
"147b81d34d1f055652824e90c7e6f92a";"20.1917736863194"
"b298c8f6ab37d73e4eb338262c289473";"48.159931391153"
"bf212cb3dab4c8130f20bdf43d3c4da0";"16.483168489224"
"1b8ef6d797967a7b94b5dacf46bbf36a";"15.7601751004852"
"80a3da1cbcb9fbbc85e31392f4a713f4";"13.2290649009791"
"f485121895199357ae44ace7c76bcfca";"9.78521445695514"
"cc4eb287390d04bf1684a7c7bf5d1968";"9.39947708909173"
"925bb69332e640c903e9f1284d08389d";"11.6990450491094"
"7e06939330d493ab02c92bdc47575b09";"8.08026448886446"
"a76f9d48b410c0eb1a2777402574f47c";"13.9499613988303"
"1f3c0e65d8e5dc51b4ae4ebed459d445";"24.9452281265349"
"90420ff29eb06cc2f7d04a1e2122958f";"20.7634461302032"
"ed79a66df24e52295de0512f91992045";"13.6082689059154"
"70f16fcf0033d881d504b1680ee111b8";"13.8494696435493"
"e1cb3284e32bca81bf136f5820e1a643";"28.6619944532505"
"1be0f5c91eebc478eb96a7210da33ba1";"24.7522804135633"
"df87d0e4152eaf57b1e651b95768536e";"24.6347900535611"
"a59c55a0555e44026760ccdf7ef02e15";"25.7125513479765"
"e68f5964babaef99a96d54b17ffa3e60";"32.346048082151"
"e61b503d804ccf92342d37a0946b8af1";"31.2503355203406"
"366a525dfaff4282c82e37f270d2a4a5";"30.3420618040934"
"382d5aea2d2ccd7c726ed455e479ebeb";"27.3293326737201"
"3f9bcad2fa89af0a08abcbf73a5f332d";"39.8480119048215"
"e3ffbf4376a8ab4a6906679270e2a633";"28.081974044091"
"3d481b0c58d3a1d6915e77fcb1743615";"27.7698910552963"
"71ff60a21e8de6836ccb301655279728";"29.4489681109416"
"84c03e453d54226f3a4e695e1c770509";"23.3137371450067"
"82c2a6f94f92ed57aa4065282fe3338c";"23.2106181365328"
"d0cc2c160b938ad5af4c1fffdb7e04e8";"31.3287609090187"
"b512efa1b82b9ad84a74dac20842ccc2";"23.3590023398694"
"dafecc3795d290c01fe932d89f0b97ba";"28.0222384976873"
"1d3cdba0c4b53764153f00d3ba358734";"16.165023842543"
"dbc7381e9eea4b2cf574f89e463e00b1";"35.2962558227677"
"ca108360161f10df9734e523f0978d39";"17.637574916809"
"410910b7c6311791097ae3cb487d7ea5";"14.5911202516238"
"1f31a8d87358ed016daf5919977a6715";"15.5121442742626"
"4d2364e185129231e8268cd9b92c6529";"17.5212818933007"
"154376960305e952a6ab42d6f877e700";"14.4177825852751"
"2a5f8cc167e4c29fa4b67b38967d9181";"15.504413941217"
"03f02a42d773d5bb4ceaaec7b2c275d3";"15.8449521946541"
"daa3e51109fbc3d1e1dabec082c65291";"15.6270351822197"
"52034c7b113a0a1b0eb7c78a7133c016";"18.4447075539698"
"08efab446e2daf1f1abe522d3054e155";"17.6670140181394"
"7952b04880fb60e3a83c04f480ce84a1";"13.5759772551922"
"aa4ccae8a259733d43c6fdf36ac39484";"13.3622376607035"
"f7b675ab5b83b2bf7d75d69a75bfc108";"14.0351729573109"
"f6cfb7d6038f193cd4882d6a803d0539";"27.1216841514277"
"6f45f2e7014c3a34849c47b436fecb51";"13.6955846525625"
"581ba334b0bb1681c2de593bc43728d5";"16.5418869089753"
"0bfd442feff439653354d06724425a5f";"18.5481516538747"
"84da26bf27aa239c75d6125118769706";"25.4180439589731"
"1a5213c2c50ba14f3a31bbd7c482ec7d";"14.6753712961811"
"d45ec9a8698084fcc4eebd2729182f10";"13.2730367717467"
"8c3801527b985989d28bdefdf3b9d503";"12.561298844821"
"368a9b6c7c7bd39c4d6637524f0d53e5";"13.3952287534313"
"bdb2b85e56b58371697537fa7eb24e42";"13.3556002589719"
"3cfba2b85298e0093d6ce395f0cb255e";"18.5953458833557"
"d0940b08f2c578bdb4afdc98485c4428";"17.4832492529782"
"41be5e969ebdf439bb1f2034a9d27c17";"16.1582865127035"
"a0cfc63e5d1a3825bfc3e41f3595ab46";"16.4517197550373"
"ff64adfd2210dd370bff3f75633b0c01";"20.1924775057427"
"428b13b6d4aefa3ec40f9eb007218fff";"24.340561760681"
"74dd833f4108079835c9e2263993e7bd";"22.8321399244632"
"fccdd83716ff1c60f12df70bf90d10df";"13.4708338175707"
"252b119b13bdcf7c62806a3cedbf7738";"27.7120331434904"
"118fed3e9616c97696f3893027c87839";"19.2240598664005"
"31f0e11687287d00c881fdefa6fb6377";"17.050337560084"
"d37cb2f969b6172bed68e4523a187d45";"15.0665661362549"
"27d6c153b5a758bbf0ce668478952bbe";"13.5374463760838"
"3c7d9e22f89356d9b2db707b44eebafe";"9.61284156570969"
"64b5d057b53924240df55192770cbead";"12.8383904473401"
"4cc77f49fca77f0f134beb543a3900f7";"9.92058110249631"
"ceb0bff6c36035044527d4193e796784";"20.1288823687637"
"082c60bb2952058ce0dbc60b1314213a";"18.6425100100386"
"924bc0c1a8b37d0563240b92e49671d4";"24.2578820867607"
"3d51e917a28bafc2e68c92b45349430e";"15.8099672976986"
"31826b3b6370dc3bac15a38ed13a339e";"14.4156568963295"
"2b4392fa8c2ab9479c7193b92ecf7df9";"43.0018108681766"
"ed898efccb794732d6a89f479634e17a";"57.0809437561843"
"b1cc0c1623f4615174e18b13b0f8c07d";"15.4838364337601"
"2f59b088483bf1cff50f0ddba7d91125";"12.3708242162804"
"737e3b469a58fbd3a97dbc96c355f980";"10.086260296754"
"15831a599836026db0d361717fdbb6a2";"15.9211022458717"
"0d3e3bc16013e2ff0150adaaa1cd934a";"7.73886368137078"
"9d22d0db643e18b24c45354c4f97bd97";"15.047754484493"
"a13c194141c906e5cb715fbc94fad14c";"14.3556051482819"
"93d046cada4bfcfcce0e822d6f0702cc";"8.41699613697855"
"75a7086b9113cdbd8bc804b8ed8cce14";"11.1417373750521"
"c8d1ab4aa898806a6ed29a930983cf42";"16.3898427083641"
"a85e37d33cb3e867b536d533b8871d61";"15.684325487959"
"a0231c6d4e75896c14035b91a2e26bb0";"21.9576295642474"
"832749c4aa3b66f5358c27fd67212fd7";"20.2416658003193"
"9054c23603f469dff419376cf3511229";"35.9598176409342"
"61a1665ec698e136612436cc01e4c915";"28.1180850392124"
"920d00639ab10605389deb63330f6f06";"18.8237377265068"
"776803d56e3b006988a53df66335743c";"19.1660487520412"
"e6ada9b404ea74432929ab1a0ff7f944";"20.3402828878022"
"d195fc8fb0365541b6037fedf3638740";"13.9218502527035"
"aae40f1502163df25e079c79a36e1648";"17.6258156121667"
"c5a0fcc92c6eab0d924064383991582a";"10.2544079201297"
"22fd30b950e05e5ab0f157b053819b94";"12.666800529894"
"a3914e79fd547c4525eeb7a3903e3dfd";"41.6568353351726"
"4aad1eff28fb406a7b456afcd82cc3a7";"47.7474794026285"
"2978b430361d84a1cc7fcb8a02beb24f";"26.7770165903858"
"63eeec1cd7f5c47648597545611197e4";"26.7885665915789"
"9dbce2e51940f97903e531047cb15070";"27.9592758291605"
"bef2466e1037f8eb33d16ebcd49f2ff4";"21.4262112681585"
"c5a9a62aeb666dffc9b1c2a9c5e1cefa";"29.1479243845943"
"fab6706eec2743eddf55cf1f8a80056b";"11.9119695137278"
"42edd32e057f85aa7dd79c1ee7de7359";"11.5798873835396"
"ccbc8e9aa5236e7e2eb796be23a183c8";"17.0709407974743"
"0730f2109fdd659bcc7b39d3df5c602e";"9.16887078757349"
"028075c915008e123d95c5b12e07f9e2";"9.04133766556407"
"8ef0d47dcd31b967bc3f17e7dea19b96";"12.5577470510179"
"79f10e5827f0dab3ca95c0ce6cd9a49c";"11.7183939744869"
"8e73c945fd21b93eae1bc0054bb7490a";"9.17480649878404"
"0ba1b23adc0332c347aafe2848d92ab0";"10.8033943591598"
"70bde0995a6d5c4d3556d49f5992848a";"14.0634789840772"
"7fd2abf8d35e8c47392e4fe66b300cba";"14.2737000521261"
"f963c80109fa45025d73ae20b2f9be02";"14.2992238343067"
"0c95bd75620159ad4855003ec21e378f";"13.0727041328744"
"50458491ad56534e49f8b08112e7b18e";"13.8649564099157"
"d451455ce049ee4ecdd3630f59ab5942";"9.58076740802225"
"8662bc8b71fea63a3e611ae441c166eb";"10.1266334949169"
"a81725563c40df087a36de2979bbffb6";"14.5581044933334"
"9db98fcc9f601e6beefcad6ed1aed0e4";"9.76183383346081"
"fb0f6b0c648acd0391119d38f891968a";"17.6023887699493"
"d87f0292a0fe78c59afe9b0f3d97d224";"12.3523202548491"
"c425925d9dd0232f137ef58d158daf19";"14.6038513743358"
"556d7377e83df29be62e7fade6682310";"16.816845978802"
"2d22a1410f586a9c477015297c89d96f";"12.6879241042191"
"faccdc98ee3a01b0972aafa03af80dd1";"11.5889286800767"
"e8d54d98d98cfcb1e60b3bc1318ecb9c";"17.8424068194914"
"04a72f625a843526432288b0c51ef8c2";"12.7124755292015"
"1430aee56c9ce2690f098eacb9e85a3c";"11.1641566913264"
"e8e7dff8c7a1ff1dd8657ff63ebcff9b";"54.7788137622163"
"275d6b3f88c4d4a0f30617e24d9dbe24";"84.6304795828619"
"0964e3fd79ce0f34a436f58da762b42a";"85.6590810156964"
"caf4084d8194e46629c6fb5d764aa21d";"105.824902847289"
"a05e3272024d615dc8e8f8f585259919";"8.90067940193735"
"7e2a5589245ac26d61f6ab48ba292a60";"11.4911780587537"
"eb8fcbff50b06138b699e03dc55fba18";"14.878764416649"
"8a10bd279a19b744c7673a908fdd9480";"16.1283979001524"
"c78e81b803a9dcec2c2e67160af191dc";"12.6790350171348"
"ce9f4159ae551917243383a6b11f937d";"15.9089951176698"
"4cabc90a5ecfe409ef52bf4e7c585f66";"19.0711955381838"
"f5887f8033e5083f1197b0f1ebbcac13";"17.1625758559825"
"0652b3764cb82500d9a388de53032f89";"15.2129242068157"
"8d7ca7497e9220df0d85b37998f0ca31";"18.9330723078039"
"f8ebfec11d2efb16af7bbd39912e57d2";"20.0576172443523"
"ba854c6cf15ae68489db8758c3701116";"16.027541982629"
"5928d5a09f9e75bc71d682c33ae40ef5";"9.40968069917098"
"868d5ee21649941009694ec4ea7f3525";"19.3473827829983"
"f46bbdec21b2610ac9f43c9c05fdfbd2";"18.1478007737174"
"f7b864ac8bfbc7d315ddc7ccef238eea";"19.4371994084518"
"f4a72323350e240f3c57475ada4838b8";"9.86037609991921"
"7bd14eb87e32363c8f74dde70f11cb3b";"9.72055632179309"
"fbb250e4b784a929313cda82a0c7fcdd";"17.1784499439467"
"c3a3889b56a265fa22fddaca2a5fdda2";"15.8104513350777"
"c88efde778846911da72e98187bcd3d0";"20.5337089952143"
"b7f9625622729afba60b6ef71508bc45";"16.7389416581797"
"4d5c19f081c037521c46475f592e8916";"24.8358103655903"
"a23fc08aed240835b6c25ebbd32ef35f";"15.9685767119622"
"9df2562c5110e22716e8f5fc8a1120aa";"13.1743642047924"
"f46beca878be8bb5ece784a5a0588f80";"9.63117355825751"
"eec8cb72a44ff0d6d5f3e126593a5ded";"9.85974090031915"
"4930e66c4546e9c0e24ec2abb675d237";"14.017911628217"
"fa79575e7eab8827b2c109b185365fda";"13.3694974165454"
"cfa35063d421840172a0126d529fbe43";"22.6118768236194"
"839035f28821b0b96dbf518a2e212b66";"17.4592716049744"
"b38b3d54a3db6f5bd11ee6e56c531787";"22.4570958015629"
"0021beaf500db106922fae8299f088af";"30.8835996265252"
"1dd1df0973a3d15f97b835528d8a7b86";"17.3182872321601"
"d2c240b44a4a0b047d069c5edccd9e77";"17.7074262028883"
"f4743c7722abc7e37590ae9947269d83";"42.0543807945705"
"24808dbc11cc1e383894d264bbfab885";"9.72901619824878"
"ad6e9694637eaa3c4daab10b7456c614";"12.149785559462"
"63ba242fc0891fe84a4abd280ce6cf40";"20.1975736667779"
"8a88a6ed1d7648d60c9d280dda771e3c";"25.248395928107"
"f6c8bdea72d5799b0fdc23fd61140bcf";"18.4332793846933"
"6f44c15ea5ea89574f428f8886d6dcb7";"13.3230425913761"
"7cddf0173cb355b1a5b74502f76cb42b";"11.3091746005631"
"47e0a9fc6ccbc0bd2cd2778b82101c80";"15.9064323970593"
"3504323e6006de051331312f94962786";"12.8834332818484"
"ee8ad1f32d72f7da29470386e2597d37";"15.9981704822987"
"deef7aa724194e2ca8d75a95b7e4f88b";"19.6184850500548"
"836c96d1df1af4f35f61862f94de2b51";"8.21050685610816"
"06363bfb6b535a9a4cef9dbaf7d0920c";"14.3303626123331"
"fbf58b3f063149e086ffcabfd96023a8";"21.7955310825098"
"85631b32d953a59703b6b7681e552bfc";"11.3078053475601"
"212aeddc7806ac2d677fa463a134ce74";"18.1898645147634"
"d2321164a1d7149303d7727cf17dc561";"14.0941435535657"
"b201cfe15a700492e89d1331458303a7";"8.18366379084732"
"60f6810f242e1f3662decbd6e9972fe9";"9.46041780383429"
"a2311d23b0130916d6739a22c00a873a";"10.4913756135427"
"bec035ad9fd8896c5ad96585ffb623eb";"7.91830564416494"
"7d99c8c610b09f755020e926ec0c884a";"9.57918653097544"
"e8337bfc636b6a615c5ccbe8e9c2a661";"8.78199975112728"
"c78c3332f804d02ab323fb04ff73e754";"10.0629714113509"
"72bbc6a0d758896f5f7f8a037a9fbe8c";"10.968604951485"
"ac805908f5cbc12e5644e851e39b28b6";"12.3623404805753"
"e6a3933d25fd4b4f6b1e979763540025";"14.2749245154112"
"7d4950877ea04eef6e9d46b883032aa5";"10.5297051116822"
"662107e21f472febe165169d951d24b0";"18.7448292133139"
"73a8c698cd38b88ed9d2fb4a8023a5e5";"18.7457333701269"
"63bde484cc3e681b40d9f91f2695bb75";"22.8776211336819"
"8acf1d44db47305eaad20c727579f155";"10.7195427798966"
"554b233fff15ae2feee0bc33d925b119";"19.6405547335107"
"f69e93861fe8e65ac4ef62f277e9fa3d";"18.5364304979965"
"7f46302d95a33ed8ad0820be49dd314f";"15.0200006132392"
"39a9b4714d4a3a5117a151e182133398";"15.9881206167647"
"f01ea22ff85d87ae94ebdf52f2017504";"11.8859318801121"
"a29aaf16afb5986d300bbc1fe02e9b24";"11.3233177923976"
"6cd6c55b5683c4a9b00b0cad40636292";"18.4712012994697"
"cda478e56932450fb8d0770aa6b47419";"29.7018360593497"
"12c6bd5438ea0f19188bd8be5b4e6f76";"9.52516049700302"
"637be411e7d1844a49a888da874c282f";"10.9763917285285"
"ee0b8483f93433f2ea145327cdc0125f";"8.05675208668814"
"0af6bd9c4749445db7580eb0b5fadc76";"13.1728435657267"
"4b7116b73e2b65025f15698787617ecc";"9.28343638940875"
"881f44acef7a308bde4a30ea3b578ab9";"11.7207095508766"
"79dbe012e908f2702877a573b113a352";"8.87027460456414"
"edef432bdd05f7dd2bd5119277c212b2";"10.1361744607305"
"511a247b31e5770495f1cf1b1872539e";"15.4615617927963"
"bec2ad2e1f0b1cacec92067165ce63ff";"26.2090229246383"
"cc5056e80c15567543d02c20cddf534e";"16.3918496663994"
"09bc612afb5afff5757d9ed736c70fe9";"15.3909610715981"
"893acbd6b8c36e9defcd747ffa423ce6";"14.0315907949128"
"6f17d3ef7a912dee353eee4f530af3da";"15.7840364114777"
"4a8037669978bb1dfce486716a04b537";"12.0098919919672"
"9bb0ab2995e4ff4812d3cab6c8608595";"19.2292491818359"
"61b2b4fd55ea0bbdd2624d1d9421c74b";"23.0909394161548"
"ee8d4f23efa9d0da964979645671e7c7";"14.1512510823772"
"f6f65b5bb178303a1f1d18678ce37491";"10.5497068154258"
"8bec10aa61c0aa9564ee375897441b51";"11.5838231739732"
"0361d0e9966c8765fa937d9ed2a0019e";"15.0739219554813"
"8b8b2184069a3be8544503972b350424";"10.1383824243305"
"43818d538fd41d499b00b5f54fd285ff";"8.82377008412069"
"02326a93c49e9516447053f96e8d23ab";"18.3303055538148"
"d5fbb12f0e02514b05eeb853ed86bf66";"14.2888730555976"
"af84a30357724190eb105db0ff875da6";"26.6701447117682"
"c1c193c0de883a8dfab1550dfbbaa8a9";"24.6101258372431"
"ed40ea26c28c070c310e10d2eca03413";"23.3979006793696"
"918b697672754706d9a840036635838f";"10.7159316570211"
"c4277d0e86699c14634acae63cc96500";"8.30116351031957"
"14b9ebc0d0b408280fca02dcc6624b23";"13.9707652538691"
"befbff383362f5a8a77dba849e190a32";"10.3023415871854"
"fbd21fc37bad764455760a71c197498c";"12.5299987209881"
"31d7e169a54654971f62439624b4f4cb";"14.4712246784846"
"42d21f7c44333997bd2ad7c1f4c809ff";"16.9089200709459"
"f93439a445ec14e18b0d11eb9da48e52";"12.5729923461619"
"5a644783c60fbfedf53e4f2d563a8faf";"11.425401187893"
"d171a5aa951f563e73ada3c1c9db69e8";"15.3798195192743"
"1d342610dd13943ad5c693286796630d";"10.0131370169763"
"b69f1a9df121cb73582d1c99d6d2ec27";"12.3343189473042"
"311d72aa5e3784e0beb1d06c1282cdb9";"22.6962369229311"
"210d0e827ce3a8beccb9a8ef2d62f0fb";"42.2309419219247"
"3e0f774f46edd3d30082aa032534b5fa";"11.0162297611925"
"e6ff5707dc7665072525d5db25a4c71a";"11.2494490846927"
"52e17957353de7524af56a547a551d12";"12.9509100055651"
"4297f41e3d815d4e09b32da005548328";"9.15575515022318"
"934783cf702f68bfdbe10fc334fd4d08";"18.1593201696998"
"d17fbc8c64000f8523fb72f6fb342074";"41.4616701446523"
"68db57d504b11851549a5f21f5015dfa";"23.8416847809384"
"c62d153d09d556ade7ae29b50eafb1d4";"13.117717595522"
"dd368bee3e76c12927592da40b4fae56";"13.7617795711456"
"a6348e804b47a9778e68531ead99fa5c";"25.0078645981302"
"44034419d7d90f6feda6af859d65a0d7";"17.0903093766272"
"17e035e7a1b328b80fd8b36935fa38f9";"25.2579881462547"
"33b37301309cec3da45277426f4d7275";"34.5117335751584"
"3b1dbecf301d242adcba5c42c89b4182";"21.908177037574"
"4fbfabbd6851b3d797d3709be6ed1a89";"20.1782324237167"
"5897752f9c91728350c2a99d8aa64873";"18.7927852239706"
"08984c21dcb1f5e266ef5f20ec2aaea3";"15.9740596642395"
"e4ab7fb205a30a83b1c52e0b8ac388fc";"20.8867066197802"
"4299ec49f6ca8f0d08a9db6678342d2f";"18.3256070597776"
"0454814b319a68b28f6bf599c9d50bf2";"20.3415475670675"
"3d57704698956aefda7615ea34227091";"22.5780351041586"
"492f967aa71c4ec6bf052340287246c6";"28.8258961962351"
"abb10a01946c6465f355a359f10c0ee1";"40.5274671060522"
"d93feccb954092e0f8c29ce81af108fe";"45.4125482390894"
"4f50ae31e6021d75a5ab61cfad84420c";"38.7307592615002"
"85500b3523ca980978d5543252bd8ac7";"37.1760305956717"
"3d93eca984ae438486d1deec7698798e";"39.4382983716896"
"baa2b0f99df87774f2efe1c0db775977";"50.053080231402"
"51d6f2732b27a319ca74c610f1082cb4";"57.2253353950499"
"4aa4db55d89556cd219889960933e66b";"56.0619264990717"
"25c3f727829b9827f0f2e2e8f0cc6d67";"16.2449673783007"
"16f52993b7121a60c0f3f3ce277992da";"17.8303751406113"
"914c4a58afa1dea736bba9241a498e91";"23.4270482143443"
"daf0ea67bd73dbe00a3eba87588dab0e";"20.1460264910445"
"6183ccfc62cf493f57ef8c4f74190df6";"18.5606870699819"
"366b562481826bf674e1b422430ac79c";"18.1565730949188"
"884266dd446954102e7adb81fd55dc15";"17.3200344037963"
"c9f3e47d5cde25dbf470e86831c74471";"18.0937577910748"
"cfe4ade3ddb7bf9f0de99ef4c1d90d07";"17.1495479949876"
"934d3049a6f51f48f07728fe15dcd113";"27.5050976476006"
"9033dfaf2bfe47394450629863f098cb";"14.4933215978322"
"82a9722e5c081dcaa3b0cf7840251ea8";"13.4727913526015"
"047fca1cbda14f23205b59fff5624cb2";"30.5992624826396"
"bf52de832395f88d964a507fb75e944b";"17.5683779451371"
"bf1a78f69358d1a2673a7557ae5425e7";"19.0078358816063"
"0e5a5c4c69f202b7f6a533486cdfe197";"18.1157552046742"
"fa639247900ce71324acde847541f236";"22.6716434428557"
"c68020a5e5285c68ab013adbb9034b36";"9.77489689583452"
"e1c5f7f3481d9dee2074b486385cecbb";"11.3776787695586"
"23eea2f2b18f5d01245f06ee4cad67a9";"8.48140638585381"
"23fa11b2152e8e10b0474c2e74fc1641";"8.99177094149153"
"cd48e84dd24855d98186f7774c39fcaa";"75.3300240020584"
"4d01eeed8488bc43eb5abd86ecf6ef2c";"60.008595521238"
"16608cd77566e663156cf0fcb69948a8";"16.2257000708305"
"6572b6abe4f28033d3abbec623e4c982";"16.0652853332238"
"a80a1405724d762ecc51fcf276af4a02";"13.1301979795601"
"79663a5ab6e1e0f828fc997e12e6a9a2";"13.4415444264489"
"186ae56e84114b7480b2c86f829b6445";"21.4296908668975"
"57a78f5ac8605b2cf37edbd0c37c62c0";"10.9002473730841"
"e159fa33e017daea178108a8c43b1b8c";"9.83990006739211"
"4570f4303740fd3f7cf7fe2cc3a1fb2d";"9.52712660150868"
"4864217865f0ae69c2b3f73a9e3d4ad3";"11.2006131681607"
"07bd793edd746a728978392a2872a783";"13.907959519643"
"e42acf2de31edd042159c3c9928ae4aa";"12.1965447386463"
"4aebb1ece59bc886c82232f4349fc8d6";"9.76821846551482"
"7e6c8e8fd62a6b6ac74c6dafb4cfbfd6";"14.3540472257205"
"6b04a025e960fcb1707e0056717ee59c";"14.1104879836068"
"9c25f6f57a48baaaaa89b3d94f4bd459";"15.1101725812087"
"0037877a994e891500694b15289d4521";"10.4273166817719"
"1ba073a6138e3336eb4389ae7885b620";"16.0439033486988"
"1f56d4374f370bf9d39495e24cb58bd4";"12.1410413326203"
"6e64e01ac41006359917b937bf9dda8a";"20.4373807769223"
"f32b369e594e0b1a8e66d407c576b67e";"10.1843164792028"
"e5aac5d1db37e8dc38344019e359d971";"13.2941978876486"
"97cc709536926637b8e6737b7a0ca391";"26.7606127893182"
"307f560a34b4f2b826b240c4edb66f8d";"27.2422283521814"
"dc38ff59be035e0746c3c08ff44db817";"10.9274176994169"
"1e2bd303e329335b5148d1880be05080";"10.9943165075029"
"dadf2ffb41cad7d0a04713c63b611965";"12.7372552816251"
"19b50774a818c81a65c0ee867bca7528";"15.0813004309536"
"fb35a218c7da706f52979e937c881206";"10.928698794098"
"269d991f6852262a75c607326fd846d4";"37.9007800907959"
"c320915936c3ebfa144517c17cfa4d63";"44.377094925474"
"70bd567d9d9515a45a2e9628115c52fa";"21.1811395796236"
"94ec4f0d79446a576fdcf45e6db4680b";"13.5671989524516"
"e1180075ee2bee378cb67bab9b703ddd";"12.5913420064097"
"08cefee29aab8f1bae588d0ed1fda026";"13.1193141014067"
"e0e7cc337a8f8159a1ef854f51d9a846";"18.1847377577337"
"2e8658578d75bc439e355f995dd7f775";"14.8935815521808"
"7a5f236552492b1a553f3a184695c0e8";"11.4257124676146"
"307b30400c8eab637fdf4f8fec7ec792";"11.5823871184472"
"6e1f9af0bd496749c4a1b08062406480";"11.7770061651754"
"5df45852434d77acc1364b435a463b34";"8.21984255947778"
"56c4103ede5637ef8c5e04d6227707b6";"13.2011040186651"
"6436d5a4c2ad9ce306328f0c5c047234";"12.1459528339218"
"fee4b43817fab11d9112d4dd44e6bf74";"15.7388425132978"
"0fcb841b827e7da183654f85e2485f32";"21.8064322705098"
"7bd162294b8c7f30966f87a359c2321f";"20.5406259700781"
"0c4a9ad3f0c729ffe36a796eb6d502ee";"20.9987653754365"
"5b4004c888eaf84509ffeed98c86208c";"14.5898906128376"
"73f6fd6ce077b45cfe1373a56d3b2be5";"13.9912571554369"
"3f928088484d1e37cd4e56404797062e";"12.2397192518346"
"ac917afeb34cef3d5967d65f97efc034";"13.9449306377522"
"ce3768ead4bc1ef372bad7e1b2d4ecbf";"12.9533716316519"
"fdef70772504cbb1d60bfd38173a3728";"14.1061280521401"
"196985df0fc485da7460bf315b668c59";"14.4301843520469"
"acf11f77613c8b43b379c20bf615a6d4";"13.8711296817646"
"ec2434d0f188d317dfcd97d0b90ce664";"13.0415555029166"
"6733b5f31ab9061eb639be74663369c0";"13.6025941201506"
"53c39c7d05169efb29e1849dd79591e6";"13.1796660494758"
"c79a1c4c9e200c7acba9905516223310";"18.0918851410463"
"a6d658c8c1ba893c36ca353badc193ef";"15.9237540143502"
"2959b9d6cd572f98fe303b86723494fb";"15.9038908752943"
"c4b2dea1e4d6d5c39de3fcbe92a28e33";"20.7357818830886"
"e70c833170d44dcbf844bb7de14e030e";"21.0784927219266"
"9faa8d21b6c5157cbcaf8cb90977eeb2";"29.3901194992634"
"74e9da87f455051935df2e35f16a19cf";"27.8626846998995"
"5051175c2cb7ec5dd9ef7d4252822537";"29.1032784089198"
"c93d767f4e881206965041e5555a8979";"24.042119232296"
"1e3e025a6bec06b0eff5b6e8fa7100fe";"29.997000959645"
"05c76803e940992f7411a7e8546fafc4";"16.4385664404838"
"232cddba6a7e725185386a262157c413";"17.8007397290223"
"5b1d8a8a39b79582eb7a8e7e6edd0e92";"18.3710501730167"
"aa151d8c178b18be508103fcb3d94997";"18.7255798764955"
"7010ed5da0d78de3025a0147033a9eb9";"27.4893357162099"
"31b1b5f4162eddebbec7b6aae5f9533b";"40.3181146802894"
"613ee7c654805b3b134ee63bb2ab0661";"64.8308542935589"
"87495e196ed719ecb7c28b5fbe9746b0";"20.7576950633933"
"51afd0729576a4a566df9ce59189b6da";"26.4396149434072"
"08250f4d315b76d892e6511a930c5f60";"19.8434144196124"
"634d368456c0b8ec4cb2bfbfc58ded55";"27.2324960779457"
"beb07833bac5387c3161fc8bc15ba803";"22.2892655341547"
"370d3ed4eeebd7f7e232c7655aa435dd";"23.2209945656208"
"189ed6b96d986ccaf16f423e30564af9";"17.8008993187694"
"bd34e61ea0a3dc1e5bf90b68857ffd9c";"19.5258796825399"
"da5ce0ca6677606c1099e4978d1a6218";"22.0701203002365"
"10d5b5fcd02470a18608a068999f53a0";"19.3683399458014"
"938d0235e331f19e8a80a5a074bf4a40";"23.3107564692469"
"ffce914cd801dddb8b58cd0cd7b57a1f";"16.8694999438343"
"d16e931420a05d759243ce2981d16134";"18.8807467921771"
"af5a571a6cb5c8b32d0a7bf7922df464";"21.2669918040171"
"ae603fdbe18c48b229ae9d0a1bb54778";"21.7325298130468"
"9fd02a1db717287e8a5f4576f3e9f238";"20.3765686360012"
"6f1511d9dfc668966c7bd54af3296fe4";"18.9926392052073"
"af167b592b8377c27d01b5a2a1e2f057";"20.3985541098235"
"d49e1b5c22fbc79dd546ff6c99349222";"22.7332600049773"
"61ab7ae3f623986a95f3103f8ae9363d";"23.855491080057"
"da975418589575567148d33b07798db8";"20.8046499588824"
"25ebc429c3f02e648be98bc0e8151435";"16.5004662392115"
"33b706df447c7e77955a4c4f442cbbc2";"19.476034988036"
"339a99400dbd9e78949d89dee83c096b";"19.5569089919393"
"3a56400c3b3717c9aebc7ac3f7cbdd07";"21.8627726687622"
"9c431d688a455d4ccb5bf70b859b6b01";"18.3758327102994"
"fdc12212438bd3589464b1c9716dce7d";"20.7097334298276"
"1d613992a62ad3eda97b8414a7dfd7e6";"20.0043940952708"
"3302bbdbab43c7c679597fd6e38b7544";"19.3297092996197"
"f116d158d26d36aeec66abc41327444c";"25.6316006221122"
"d3e23bafc9b194b193287babc946cc1a";"26.6246658049611"
"08bcad1844549349902b0da6d154a71a";"28.7902804435786"
"0414eb6a00765a4b98e5c3aa9e759da4";"19.9953420741742"
"dedddbef902ce9dc955558d6d35e521b";"18.8590596523239"
"adfc4f9a89e7618d042108ae730e2e6c";"18.5027974512787"
"038c815e99fa755c04ab9b3a76714dcd";"25.3527553716536"
"c995193f10e24a552ecfb11173cce677";"24.5760851310236"
"f4539b7fdc0e6a97cd12a8c56fe3fc5b";"19.3941592828531"
"61bcfacb5949296e96769e971b367e64";"24.5372912659883"
"b6d59ac4b0644d9dfa785fded0a8fdad";"53.9531655738048"
"02a9567f06dba21309c60b7307374ad4";"32.1438796765457"
"a9d204c80f4b29b58e5f104c07cbe443";"42.9576774175341"
"f12d24cf3e8ef6e37396bbf535cf6c8c";"29.995011271181"
"f69232a2b2d2bbe2b58e5109ac0939f9";"25.8928320352247"
"0d5b244c6fce84adf8e5697a702af2e3";"21.9968004990272"
"fa39ba4752b242774ea8ae45b16fc658";"19.6208040072984"
"e9bfe944ce2fb21c4b2012b1ed60a725";"19.7989212409992"
"630d3b81bd9f0d2761fb92b1a1796429";"20.3792234761381"
"a941c39800fb47a8b0fe91b9b0a73318";"18.0628820882735"
"3384527b561c0b1e96bbf88980cb59f5";"16.9568885282235"
"63ecdea5ac69eb2387e3403834890ea5";"17.3770571883718"
"72a9791990e97d89d8acc856890bd7ef";"22.1330404480773"
"1641e34f717e0f696bb9d0410093c265";"25.4412479112412"
"28b3c8c24c819e97b55089961848c9db";"25.6428481192456"
"bb62726011d24c4938cba5c5f4380a50";"10.3632917143794"
"3fbbeec6fd23e3521ef73f1bebfd9eaf";"16.1478718984713"
"b462d024011e21902d2267079ded7a72";"13.0174514563508"
"c832bb84ea43ae99101dbecccea3e4f4";"11.1290001649459"
"35e7dfebd244fa07057bfd2ade61546f";"14.0978422234193"
"2cf36e7233e0676fb0541ecca5aa48fe";"9.61337192362683"
"1cbe0905fea2e61e15eeb4cc0f9ce443";"11.5524145205991"
"57e04c2c0a36b034735b78c50c15d022";"13.2339410205937"
"92b416d9eb9f12e17c56868c65e89776";"15.9843025788587"
"ff537c78b81708f83723d3f60b46d1d0";"14.3606591140266"
"0c52c14603e670b9ea07feb8e22ea1bf";"15.2280457093053"
"7de941ae4acb30bc2d5d9a1ea5f03faf";"10.5500476755152"
"03ba10cad4992ec992dcbd0a0a1733a9";"10.5770454048998"
"727a11f714d75c346da897f7b6aeff7c";"12.3829071395338"
"b02fe8a0aafa36abf57f592263e89537";"14.8877843971107"
"84b41a430a19de06b6a74724321525e7";"14.1596877746974"
"eac210b7359848d9185566da19f7f492";"23.7789784486843"
"b82141f4e72aef81f521d780d9f0f4d3";"12.255032807481"
"b1a94e1061743564c2228dbd216d505f";"11.2378671011732"
"4a8b9fdd782affe0a3152a7326f78558";"16.1139255821207"
"0f6e89ff56eac82b2f745ee81d1dcab9";"16.9031893028543"
"0d07d6a10750b9fdd1a7da074d958e59";"17.1732293289569"
"a9a4ec93a690106273ab22859c3da007";"9.87930422208949"
"7ac373e8025e3170f0e665e9db011fea";"7.6998631009825"
"7e1dfe2f640307f93cc9bc5b1dce1003";"7.84114800117776"
"7b6a8ac81aafefcb0faf95b73bb840b8";"8.59949853856619"
"e967c39519b75070118fd68602d74565";"10.057963482125"
"13ea08c17ae370c0ce4a8e315b2c54eb";"7.50073563421656"
"0ed8ce91d3f6a8ba10926a5dabf5e314";"7.42580073502017"
"3f8f4276d3a9192e5e9d20970fe31c8f";"7.35751241373036"
"062735c0255f5cbc130dbffe6c8605d4";"7.35863479504856"
"3e426e29e02b34e45770a5fbb9bf3c05";"7.32959481955321"
"9632dcb81d61182cc365e1bbef6e2e11";"7.36717595431494"
"b763eb45671e4a40a8f9882114346edd";"8.30132266971054"
"cae0dbd108fd9a85ef59d0b72dbca982";"7.33695756821281"
"ae44cc32cdb76cc5712118f34059baff";"7.33498517742711"
"4f186d8cb83d611a7f542460c7749f18";"7.44328391109284"
"9125b251c7ec5ec7c5d8326a2bc4d783";"7.86079452160388"
"2b8b6bcfd3afd60a9254b019451018f1";"9.66461351007276"
"3896d398383d943de323b55f72435d97";"7.43454578440745"
"7de1d1f0cae70b9c3c09a39d2d7ea632";"7.52486127614661"
"9e2e72a5bfc42ed080305c458e77e823";"8.08319012130237"
"ec31402a6f70bafcbbc7a433cb30edf1";"8.70793086544365"
"9cacc1d398d943a70f4e0965e1e00959";"10.2341756828692"
"f73a383c58ee3fa9dd6999b638d8bbef";"7.80985566348449"
"e81571721bc2ace86c093f5239934328";"7.66214707350362"
"e967896df3af88d123a8613b9eef07fa";"8.09645714684617"
"d5a4cff5d8edf5d11cd94528ab31b440";"9.52181051936454"
"2107557b74eda73d24e8af1673743841";"9.90011488940288"
"25ed103ee89d5dd18bd165920951bfa0";"16.0241807601101"
"c8ee50beeefe2ea6c64bfa72682e54ee";"16.032495775205"
"2e7573af87f757e08fcd4b6916cb67bf";"18.1318511039444"
"ae84e673466f3eac89191022343a5178";"40.1759241473646"
"cb6dfc9c8d53a5d8abcaa790a241b8be";"7.8060264359916"
"a5245f0e5ef5b68a5f87742cae49c93b";"11.7844361419575"
"aef878727feba6e6d734db6f39765058";"12.3145383320834"
"19bbebb6844dcec5e2d634052025290f";"7.64819572838494"
"70afaa6422d7990897447f2566f9edfe";"7.70143624566613"
"7126416617bf56bd9c10c41e78429511";"7.89615502992113"
"647a53ab580713e9adb2e9804d9292d1";"8.15529213918951"
"19fbebe5e0a788295c1da39922d7c7c8";"8.60904059194372"
"292308cb2e44d16c3b58ee919cd35f63";"10.0622863874274"
"93b545a96fbf2ff5499285c3715528c1";"10.838735661733"
"f1b63d4815f78195ddf1c3646ddf80c9";"11.3180277923772"
"a94cdf23d6f10df10bd53eaff3995880";"12.4791449052459"
"d1ec9653753131a7833fe023fda9bc55";"14.6156911195224"
"0d0ab56bb641154033cdd0aebe60aa56";"13.0177259603102"
"46ed1fdbd25280be34096e2e89e0e89f";"14.0130963534829"
"10d9ba85d077da2f4362d9a9b0d51b4c";"14.844376113389"
"cb528ce0c83ceb943180ae6995ee3fa0";"8.09966302269426"
"a2fe29927d8be4e2decf441d7599b535";"9.14760448784824"
"667e7f5435fbeb2becd7bb2efd47c5bb";"7.797160316799"
"93b829d864da5f9e26414042ab7cba64";"7.52343317510147"
"a50e8e645a6a244525c5bc932da1159d";"7.59189844653421"
"1413fe4b1f7d011fce95952c62536d58";"7.86934857497745"
"1eb6459b4e5dfaa731fe6bc359b6059b";"12.5019454369073"
"6c463726fc35ac474fd8dccd33dbb9a6";"7.69462891773382"
"00c700de787579355e385f941c0a3b86";"8.51749321591742"
"2f701c271e724d9eedf87d757eddc627";"8.41805526413831"
"e62ff98aaccfcf33f67700978442ffdd";"8.59321583795749"
"628bd845345b7df71609b84e3e7fb672";"8.79204748053523"
"f8519d50a8c139dda0ccae45d8b659df";"4.63254699332731"
"15108cd8189b3eeef3b5940ceef930c2";"4.51766925716551"
"2f0420194bf25a0dbe58612e4ee51239";"4.45288429776914"
"a3d0001bea9cbdb01959310a933cf7c8";"4.47290705992057"
"1e3814935e2a38038c41d23e50c5cce3";"4.47295337092534"
"68dd99c66aaeedf34e087d01929d5325";"4.75121651784376"
"be1edbff0734f7a51d150e5df0390c5e";"4.78893984595753"
"e96377a95e2a67d1c65408ba4fe006b5";"5.13546566636591"
"0cc1dcf66eb49440bf256c8db3a0f1b6";"6.29239444931962"
"f6958ca1300e63c19fea635e388528cf";"8.38187934933427"
"b077de1fb44386a2f9dab38000ed0dd7";"4.83873148862645"
"6349c3cf0cf865fa6db0988ab55fab41";"4.54615757213292"
"3501b19ca9396c45965627879783e3aa";"4.13984257117425"
"e29ef9f0539ad13de3b1db4d48ce3015";"4.08229618421633"
"a65a478854e42322a2bde7166d12160f";"4.20193365199217"
"c85a5cb07085addf8756123bafb17924";"4.22675793484371"
"6d395a3502b80d623843f1e9baee8f51";"4.28970083052612"
"3c5a106dbf5422c344cc376d55420401";"4.62362308992841"
"51958e5940ee13ea5d219c52c73918f5";"4.85283902743665"
"9f65b3bca42579c22e8f7cd9655243b9";"4.06346658616475"
"4f1310de2d95635bcea673d648180c7a";"4.14232970241845"
"d24799ab2a6e056f1c362eb55024e569";"4.12373973054919"
"1889a3fe0248457a20c7f8ad51c94533";"4.0992602462664"
"84f9206dbf9984550dbe13f382b7dfda";"4.6347911556443"
"5a231422354a6575d3bdd0e785abe126";"4.60838860241348"
"b7af7397b0b3e259a3134810c2ddcd85";"4.5882629565217"
"11dc0658f7cb1071f9d187130b80dc27";"4.54220282946227"
"73e832f273ed2d7473e12c364f93fd41";"4.92446820851554"
"be8dfc5594966889e0c3e085b9dab744";"5.43851674425169"
"177781807591314d2668c5ca38a886f2";"7.01095828106776"
"1f1e708e34cc4e31d0d6222ccc88a830";"4.62152197867108"
"99a23200abb6b5f393ae6d038ce14406";"4.55484475262313"
"167d686a85e8e143ba6dbb77f200e0b3";"5.0480696409743"
"ac1dacfc2027305656d037e1a2eb1f56";"4.48594168175613"
"bdff0289f887caa1ad06588d3a8e039b";"4.4636364115914"
"a639aa0c9334fa94cb5bdbac44ef9e3a";"4.45044797178723"
"178aa7768c32d5e4da574037def870d8";"4.51310739991279"
"fc10b625acede0aacc265a6ea8a8c3c0";"4.75496622059549"
"c9d60351ac7979eeea8d68910b307e78";"4.49471972459026"
"f5c3d6469495f2dc9b93cd89aa5a6a9c";"4.71933415365223"
"444a76adab79fc3e95ece10b223fb3a2";"5.83934661404314"
"ed517f0968447272f70a559441eccab5";"4.57514097563058"
"5556faab554e3ec4356aedf7775ae80e";"4.48981506406137"
"d68b55796486e119080141292c8373f4";"4.5355481389121"
"f1e586157080df330ac244689ea3ac0a";"4.49427435914004"
"5d61fbf8ff4defca29fc0acf48ceb238";"4.68759534498052"
"f4c25039dd57c332ab56c16d08324ff6";"4.81419908916595"
"bc20bb67c2ebc9e29c94bfe8473103ff";"5.37503676109159"
"bf949178e40193a98e58297cfdef9c83";"7.26687922854448"
"823eba39fc6ee2526348ec9450083c68";"10.4129358838981"
"cfdb5fec1bc8449ad9bc830a24b79e4d";"4.67886953721774"
"732747bbff23cf22df3ccc675a272c28";"4.96763811877313"
"be950cccb3616e10db58b612977c8830";"5.39987662502197"
"d0ee3409b7158598815651d02b4df015";"4.58503749298829"
"9150cf6042fa9b1fa691627a89465d69";"4.60371798968478"
"c773297fca5508883eef24941d36a1c4";"4.57487133887036"
"1c20183c60b650e7f05cbc6705c23280";"4.58311896877547"
"1ba18328ff0f5eb0e3c58ff2109cedd5";"4.59546251711887"
"b0623193611c088f0a2acabbf0096eea";"4.54365237906508"
"52636ed9da8035391743169f42c2aedd";"4.77662804578781"
"1ba19fc64582d2c694e5197987602a70";"4.80735736718085"
"28b110f075a471f26199d2c3b93b44b8";"4.76187585547989"
"41919e4abf1a3002910bac740c915c72";"4.79721023336042"
"ce68061e83a726f940c2bcf2a483f6d2";"5.08447528187912"
"48fc104a96661bbb4eba978f92d19bb2";"5.07128051131563"
"4f84fa9d01d1fe93037753724e3ed317";"5.35634746002444"
"30b2c98ed1a6291d457f6bea4b7a9690";"5.42876729472323"
"279f8e52862186b3c1f462417e6c1ba9";"6.00078248552484"
"9b31f1ff9f378039a25dbe7ce639543c";"6.18579734664606"
"96608ff7642e3f3fe53ab302485f34ec";"6.74165527697191"
"e76f738c25160e750e83083b3c709ae8";"4.65070957627964"
"b3507de285d626a726da1d70abdd75ec";"4.94147160372058"
"df627b41f71344d822a4c0f9a584e8ab";"5.35480421394428"
"843287c57921da5080fbe680e51deeb8";"6.25379656521214"
"b5fc753e38612c52b8c2ec6fb55ce15b";"4.55015287329595"
"7dc3b56108a270dd50e740b529acdebf";"4.63105826463741"
"131f9aaf2825da970fb14a5b5ea028f1";"4.62110641228659"
"86810a012e92ba3b2e91a905b7c97f8c";"4.66660397231857"
"033076d10c8532d5eaff172896262d1e";"4.69055926729072"
"94ec129731bdd3ef0f77989f9bf89e3e";"5.2629121308532"
"f66490e5eb70024cb64ba5b4359efff9";"4.92039002542858"
"854fdbd537403355f88c408e50095517";"6.06123286264311"
"1f6780fecbae0917954b3b00b1a66a14";"5.80823109436392"
"389be9a8e3d5be35c4ecf042f58be2da";"6.09803643715423"
"a1f098f141289ef4ae3cbf30fb175d73";"6.46766201284403"
"5fd3d4326ea7fde5b4dc64f81fbc29b9";"5.24933471456456"
"45832ede1b8c49a5d6875a47b587936f";"6.5502262323333"
"548f4d96ebc0a9d6658df37b6b868851";"6.7696526818344"
"a1749fb871af50019f65f515ee0018a5";"5.08779761394871"
"262d9389d707ab0d2bb12efeb21b22f2";"5.05671961668502"
"eb611a16b24b4980694089f625a4bd6b";"5.58956000570625"
"f5973ecf350670776f88828d19cabd89";"8.78371560535692"
"0f3bde654aefdf77b61705f352918361";"5.62548287055918"
"b1180fe21a959c51d1ee0fdbe4079610";"7.79955963088892"
"e2430e829e882cf604fffee9aed4555f";"8.7817318126126"
"8908fd299e5e75e67649f9901215f2be";"11.9906371930588"
"366f91a258e1db03d52e98a11520b336";"31.3148091061126"
"cf0060fb5b12fb7628c60c4017132dfa";"31.7474369408813"
"f2c8e98b44599c769f833c9547accf50";"37.5963058510157"
"0cb61b4b7094ad696fcbbe05cec2a4e7";"12.3183853209492"
"d339ac38a3bd38b1e8ff2e76ac93e3d1";"19.2844403791371"
"9a1e7abfcad0174ade617e35d6338b38";"12.3735792073418"
"df4cdaa1ff5234e595b42360f1a1993e";"12.6552719134811"
"41f1c2b54992afcce2b916abf9c42107";"12.9972339625567"
"b99f94e8f60df9a8a8359e2c9d67dcd3";"15.3719074523675"
"037e1e67de5f140a76edc59f516e018a";"8.71707901037567"
"375de6ca6f79617ecea922efb56d8869";"8.71622328592711"
"809f43f9e0e4d7f74395ce74eb8fc0ff";"9.01711880770038"
"fc246c3882a52357b9d1f028059d0ea1";"9.38543807377318"
"7582d3e73e852e214944d91badeda523";"8.86465890152471"
"85f96e90ac02ecc138d05f835324eb32";"9.10297265097307"
"c89773ac6e532b1f36611f984c9f4b67";"9.80858795182938"
"e0d3ab562181a30068fc43b59be8f3da";"10.7799088126631"
"1e43a12e8c2038ba740ff579127f40c0";"14.3568006725075"
"1f613d37e1798f0d76ac8b419da9ed11";"9.11587972603157"
"f6608729acf854190840251b9abb2b82";"9.82649009659488"
"bf039a54e08750347006fd376db5cc9d";"9.46312747601979"
"a54c70c78faa317508422350a67f29b5";"10.3357775467263"
"6f30db6ccd0b6c075dc7c78de2d3aa0b";"12.3487576013057"
"e8eb0f6084e1ef79d441d7df9abcf719";"12.517706639454"
"6ec4f730f1e5e79208dee52ba6a9b0c7";"21.1670457531825"
"191e38ef4eb8851772cf4ce02205ad9c";"9.98085280031293"
"cc74e8429ff74377ac2db98198bd3bbd";"8.82616325946415"
"6b3460470987f9781496cca118b8e176";"9.14981179489835"
"0a3dcddad478d56462241a4b396d7aba";"8.90513736913672"
"cbcf14140cbe6ac284a6da3f8df77449";"8.80524880720555"
"5d6fe90d7b1cb9c95f04079b6069748c";"9.19308458760978"
"7d4af61dc51ceeeda91c79c47f867645";"9.4117839901799"
"ee2f18fd38d882f4c0ba9fc0cf3ef7f8";"8.84425563220245"
"b899877bc61c5de6ce6db7507b2507a6";"8.89171167722664"
"f66e47558cb42e8eaa6286c750d7acbb";"9.29146373818588"
"e21c5a75fe3d1c10ea4bea6a0c6ce980";"10.1225811124782"
"c0b83650d1a359d826625b09564f198b";"9.43240659727151"
"1108978fc9d314f4460e1ff826159b74";"9.75227303149943"
"8ca1572f296d09fe5ecfd4c2a4ea53e7";"10.0425189518555"
"90d8b1aa5cc55a9005fd5ab69182fc60";"11.1583692077964"
"560a7fc30b6d28a8cebde3ea3e063a50";"15.5922707029008"
"600a5e24e236fc10f7f4edec78268982";"9.1549220861668"
"c566ab9753f8c0ee18b174dbf8f5fce3";"9.49950469210595"
"e3c40ee602952135e9f0be30bf6ff8c2";"10.0509986526932"
"44dfc8cbb386ba8bd8d8941c7f963f63";"9.64376723191213"
"708dd2da6d35a1ef8f00d30388715f19";"10.4626892334847"
"3e62d863c0d234f6968151e1b10cedd2";"15.3113339420789"
"485d3da91869800872fa739fe2ead3a1";"11.3268061105514"
"b018ef1a11be0d138fc4bc29321a4cd7";"9.9005998152728"
"4edd22ff7531ec94f7c10335b3cea6c8";"10.0873404868641"
"136271e43cea91459a7152dbee723b17";"10.762518287314"
"c194b05e42aa755fc0303846d3d183d3";"11.1604831583926"
"874e56cafde350dd5817ee7b65c2a09d";"13.1405541068924"
"579d97f87b093780492790857e45a342";"13.8532240472214"
"21747265a5aae24cb4b1d300cc23db78";"14.1031222892015"
"e3ff2bc2ed7a98ec6b51083806637195";"13.1184546886654"
"653931ebde4a203901d8b47dbadd3c10";"12.8463956087027"
"251ecd36468d4d531fc3dd9619af4f4b";"13.3081943054777"
"f9aeb763f38c5c9d6d2c627c551fe912";"13.6948262857726"
"973d950bcdfdb1386da1bd98c655de59";"14.1040519475146"
"15fe2cc98fb09378460171088fd4655d";"16.3303606527177"
"b3ae68e7ac944aa0fce533b2e39aed0c";"16.0628165545851"
"428a5eb2ffb109bf10521c4eb48e02e9";"16.9377863200143"
"6085256e8408c48cd08239511fce347f";"20.4519085815044"
"eeb0398542fdd9f7da5decb5411e1f22";"28.07113886073"
"ffdb9be1dd7f4eb2831c08528abf8675";"44.3980196004033"
"ac5ebebebea816075da1cce26f83dfb1";"14.0267943754879"
"4df335ef67e3fd2667a47cd012cd740f";"15.2243055150947"
"2c240502da9bdf66d2e9cedc86ab28c7";"15.3899750682809"
"06caa9319319769ecaeac14b1386fb55";"18.8217621953515"
"f5b078c78d38f0850a615c7605ad2b1e";"27.6537089019087"
"11baf385306221761592920a0a2f8637";"15.9925472498975"
"c6ec47f043ec073a7241070d114e98a8";"17.2372044504199"
"5a47c93d2fdfa23f479d68656c3ee6c0";"20.9636049413152"
"141286e1fb3c264be12aa97cf5661c5b";"32.4342219819938"
"0b48ecfe8b2543bf7a43c8703f468928";"18.6580314172935"
"b8176d4bde6199a2ad3d3bd8eb79bf62";"10.030091657258"
"1a1083f7043f54b8385f67fb2a89b4d5";"10.2812612475094"
"353e82b7e9b8599d5bd6a44a3ac4e15a";"11.0258036665695"
"d623aaac3b12ceef122b32de3538758b";"10.4515558465076"
"97a4bc7cddcf03b243e8d95265480ed5";"11.070221666966"
"c196b8898abf0a06c477178705b10175";"11.4337143438587"
"1bdb188baf09e1627ef20fdd81601026";"12.9310991408244"
"0bebbe4b747c95559eadacccef95272f";"10.0761610657755"
"39c418d10558393a0c76f69699b01ef4";"11.1009246950917"
"8189c715b2b58f18dfa60844fac25448";"9.31067100419036"
"a44f6041e8a7a9d67b6c8043e1fc8fed";"9.26945122155381"
"d542292557fed5027c08d98272a130d3";"9.2208488312636"
"746d5af91a435b2fc1f1890a5035e38b";"9.4281844980218"
"ab36712b0e408db426f1f7edb099d31f";"10.8524317043591"
"b2c116c2da8e48727e9d496938507353";"11.4260219551784"
"c526cd6041c7978310200b3267b97dd8";"9.01940472532834"
"428405f810550a222cd848dea17e9d78";"9.78050093423187"
"8e92ce4f709446a266745dbdfcec753b";"11.7937807417832"
"fb8f6526476aa43dbf6a3aa570573eeb";"12.6787871404848"
"ab4021a7f7babad30a4f706608511cab";"13.0449985498149"
"4d6cf8e6915482ec021e3ad17cf9f6b7";"14.9359897386721"
"bac3db83634c61146b9b2f8ce77384f2";"17.5671457141152"
"1f67b2b73b25c96082d5fac52df99b2e";"21.7003425855864"
"df352e267a67e2730d46e3912bf8172e";"11.3847959487091"
"86b695b2cd21d502e46ef9a40e9e6195";"8.05812132616482"
"c462680c7f8253add11751b430f09b07";"8.43028031805472"
"ca3e2a77bafe395623abf08821b2bbf5";"9.83091638504944"
"28cb5ecaee98b1345846c14d12164ac5";"10.9238910799288"
"cb95174476a278a345c43d28b7e5ad27";"8.00097957991012"
"b9d248a5867c1b5e3feef23368c48e9c";"8.65556484032633"
"d0cebf8050cb9c9ae6a47da7411e4446";"8.00466303832543"
"450eb51fcdd49911b3d62d34b32d4369";"13.3644242078949"
"ce6394a923eb4d87a753461ddecc18d7";"7.90062437616872"
"75d38442eb93f93d65d85de92d6ca728";"7.91826285337913"
"5db5b28d28fb13b57dde7402d4bb50a6";"8.58847956861248"
"9ef0184c6a58d38d06e72d87f2238f79";"9.87443850664701"
"aa1725ffb5d2c4857e290480e2dfb84f";"11.2851439943097"
"8ffda0a8f993d7690f466737c2e7c7a5";"8.10391809399232"
"10e80501f770e50992a449761a6064d1";"12.4704797042134"
"cff6ea9cd222916eb48537cb256e4220";"8.64240218675942"
"35a4a5d901d5669c709861715cd652df";"11.7133351812773"
"245d8cf35c5b71bdccdff6ff2470ef77";"8.55759809785984"
"7b7c8eb5125dd96899c5a0c076cf9e39";"8.97708103772904"
"ada18eecbfec883f97c379f5f9cdcdfd";"8.92655608537887"
"75e26b14e9242279c0b691c380a06774";"9.76270584284704"
"ecf57e0e386dfec1543069f8bcc25404";"12.2432171160858"
"373262f7d367be30d97aabfff22a33fe";"12.8489109762902"
"567014db2266658727911aa67add737c";"13.333252257624"
"9cd636d415658d737eae8fb294381533";"11.3254169418405"
"c3ea3bc78fcf20e78ba3cadccb9312f0";"13.8477278223053"
"61fdd60335e13d8003e24c0272d4cf3f";"12.7623101247578"
"b4d721b0c79f23ef739ee81ab31097ad";"13.5963473237227"
"e3591f70b2c666ab04ec5b855c1178cd";"15.9795442192771"
"2e726f28f9220f4890f2cf89ff87cf00";"9.17899071004802"
"45e063b5e03a99fede7e9991ffcd7107";"12.4867802145711"
"05f59979aed086b7ea39347168a3469a";"11.1424602269129"
"9ee5441ac3c224e22baf98bdf19bcf5d";"13.2484020811045"
"cc3e234302455a9fb3e3888266357552";"18.2068287726105"
"a56be0f94fb49f8f5b0743c1aad589e0";"8.35032885888067"
"cf0de20dcd2648e2729c174cf18b06e4";"9.35727557538739"
"2f2803aa47b08de1b7c1c127f51786fe";"10.7395363448468"
"9bc3dee0128013d0f8d1bb31bcbd0da1";"11.9026201799405"
"4ba7fc7ad9e211c4c9a15fc08bf2b117";"7.47710153305544"
"ad9bc64b26c2d05184f1f2d3d5f75243";"8.10796554420835"
"338775015c9e5b951e2e87a89fa2b9b8";"10.7603981474358"
"e96e99e3b3c4f1774729936d4e6d8a8c";"16.6041905134941"
"c8509365d447b42e3877ec9af87db114";"19.3969906203619"
"26f8cf5f80d8ede592c7afb67c6c391b";"11.656373140387"
"47152cf5e12abdb8093fd62d371c1b75";"13.4094180315845"
"15f10a773a05cd871cea419a117cf43c";"7.50300196945311"
"ba69f8d4d15a03e29698264de4943e2d";"7.83623517623904"
"851daf3558d57d019e0a8678b35af5c9";"7.71540565400822"
"7958d69cb530e46df283a3f97d846911";"7.90981228375638"
"bbc6b6f0043f2da9ad1b149d1df79058";"7.86581389472035"
"93bc865f2d97f35797b349dfaaed1819";"8.49889885202986"
"122607d8e406090394ca64986338c8dd";"8.50162276675086"
"370f43911b2ecf4ecab664a6a28810bc";"9.09963683981927"
"150fe122e264d9c20a978ded2c4165ce";"8.71804044750294"
"5034d1fb08a58fb913a4ed49897b6422";"8.6169759130675"
"c92746276ac70a93102f269d00d44a1e";"8.83067431761742"
"0f7243b8d5fe7fec8163d250a5faeb2c";"9.32162538875737"
"d35841d568ee836c5a4849ac192adffc";"10.5399895181384"
"6393bb1cc7cf26cd242f7ec1ee5670cb";"12.3033382455095"
"9c3af3fd64a3b66b3d96e9389df99612";"15.4653268508932"
"91e0a797cb0d555c71561762731a4dff";"9.89236468108772"
"c6fda79e62fdbc15ad014dd2952e804b";"10.5957303529218"
"394be7805311a801cefb021ae28a9d81";"11.3290820637092"
"d2ee266a77e94984b95b21742ef4331d";"12.0495060540032"
"7aa945ec419263017361aada8ab6cbd7";"12.787898508432"
"602231bd2f66e9e457d4070b6aeec0e7";"13.9398649365808"
"a191c0be0a7767814b9ca6e759f15e1f";"16.2397639098487"
"4fe602f1f85f6101838ea8a60bc8755c";"19.6776878103338"
"a0280538ea1ec1e947edd81acf6b9ad4";"21.0079665395792"
"36b8355aaddc5b69011766d77b1143c6";"23.0178614942614"
"433a1fafe5a699b5d3a53cb34296bd71";"23.2927001700477"
"26a2b5c381db7e6eda77581473ba93f9";"24.4751593296297"
"3ebb537f7d473e700de2d5341e1f433f";"24.6272434871719"
"6d7dbe6bb7bde7136e4ee79c9beb0306";"25.6718656276436"
"fd855504c94808599ef691694f6f0a94";"27.9595486078544"
"c343b8a728148ca27b086c6e4918743b";"27.9479328430619"
"daf37ca4c32a04d149d8df232428de41";"27.2215105058096"
"d1d52503b969ab705935c2c21cc513bb";"27.5007566630043"
"f60015de827039ec5df1becb2b7ab6bd";"29.3125028486913"
"66ac767f3e06b50a79d477549e0e0fc8";"30.4461168445049"
"d1264fc42ede8bee4bac930520a78503";"28.0814733637809"
"cac035c4c73c272b593e773dc9b8bd33";"23.2137692324756"
"7da06884dea41839e9ed47694daf8ec9";"22.6101136323187"
"0a0add2f4bba82b82dbd73e2c9457869";"13.5012751213841"
"0bcad1ba25c3a6f587a0767aeb27f810";"13.4324324260432"
"a888558d4e289173b488b13e056d1bfb";"15.8315310344327"
"ca0d9de87ed9e98bcb3ef63ed518cc1a";"13.369581669621"
"fbb3be6b7ffeed9796a10b7084611b69";"13.1858273089628"
"871e9c77fdff199b9abecab74bc1db25";"13.9638712327155"
"d67d143e2a161b938493733302982104";"13.5579723569605"
"3b71e7fa7162301eec7d53de029d93c2";"13.7540596074083"
"951708822f2443fb4aad6c0f6d4962ff";"14.7892839574739"
"b3d2526d3a75e03bdacce850c23ba98b";"15.2490472109479"
"be7c6df8d4f12a5a8fd2f499b7f506dd";"14.8126808733541"
"aafc11de037bd2c7f9ea24c5c9a31e6f";"12.8676518443009"
"ef0d772c093a75c924bd6357eeb535af";"12.995959685785"
"2f9c8d98d7fafca4e63fd55cb2933784";"12.8871318010105"
"5a6789a21134dd4227e671ca3c941389";"13.0803635236238"
"0fe679104892b87dc503f9a513ce26bb";"13.0345921151397"
"1efa12499e84ca69da79c35602f9fa4d";"13.637490033771"
"ba22392fe0a22611a23dcaa546d383a8";"13.9885576503931"
"19562e994b5d9c318e6892ca3eabae03";"12.6667539526321"
"0232d863a6aff035c27c429a9585dea4";"12.6101879817264"
"3a1052916c6bf8a9447383f084e6d3e8";"13.2290264906547"
"ee8101f9e653f4f9fbb39804e0843662";"12.7768780738764"
"c51e4133715c9a8025947a76aa4ca2bc";"12.3977062665594"
"8056893c75cbe127c307977310c3f7a3";"15.1838297127202"
"b002ffbbfbee057cc9c07c964e5a1807";"13.2747402898179"
"dbe266ce20f693b0d27fb88abbb576f5";"11.7680781071983"
"d87be02089088d61e9763e3c129b33ad";"12.9748258334737"
"19a0547d6b2435088a309f02c4a7395c";"15.4549575351837"
"9c1ff84f5b625058e4e988063a752d72";"10.0861043736679"
"2e417f4bff8e503ee15b29049be040ab";"10.1664652903367"
"706fb7f17d83a22cdd97870e59280591";"14.482228988244"
"520111309b2fff42bac61f9ddea2dfb4";"9.88722109289598"
"298d478246f4034b84898096f66b1979";"9.6768711516669"
"629b3df36c978ead8e45b29cf0691819";"12.6039922226567"
"46280946564a5f8662c22b7f47811a15";"9.08700565229423"
"f18f14276333479a02edd134bff57750";"9.47155115222909"
"081f4010c12b1dde5fb163c837079651";"12.185798862713"
"94b179a04a5c1b29b15e93c832f12444";"11.5774494996524"
"aed996987dc6cfa40a479102750719e8";"15.7406141484527"
"d7c49f13d658289ea545695aa9280c4b";"12.7813431507567"
"35ac50f5cd5f187b9230e546c242af86";"12.7573191411256"
"df57686be4753f81adbd5954f7ac18bc";"34.0196051121261"
"3f8ee7c4df6120a4e074ed45164a3ac3";"8.59152529650481"
"1e63380c9d401375b1eee5d673482dd6";"8.42985643790898"
"a70ec650dcac1cf755c6558333ae131c";"8.71342631167055"
"5516971cea8f9f511c16410920fe72d5";"9.52715997183281"
"d746ad41030fb680ede79acbc7e87d31";"8.22914930648463"
"75f53bd50c38d858e805018856a306dc";"7.97990639539555"
"1dec7356aa863badf7d5ad7aabbc3187";"7.833876414402"
"1997ab2f45de4c30ef891160cbf1a21b";"8.25165375808843"
"2971623d7ec1747614c1b79bf7a246b2";"11.318636333096"
"6403c4c5e898bb46a77a52a0e1847f6f";"8.16929479772232"
"6a1ee0ce98eadb7ce6477621e17ecbfd";"8.85833007684262"
"7d05d10fdf2d39473e9bc68c40c71dc0";"8.72857448465995"
"d1335593aaf5f306ba29854071c3a102";"10.7137835664361"
"6c334f924da5e2a7748a22386848d540";"11.8278654199809"
"85c5435ab13f0eb68a875f2c91d12022";"12.8045769979576"
"bf955fbbd860724755365ced8189de6c";"15.742831215276"
"725559c0d6c816ea63ffa40d17b932d0";"21.6012978705861"
"786fcf2ccccad3ed320549124ad29d7c";"13.0995103440493"
"d18291767f40626cd636a3a8e384627b";"8.56396341747416"
"a46d42399760ee2f7a2d70b6d62444e8";"8.75245070802626"
"459c5d585d185488f8315c4d8a8d3730";"9.33897290999461"
"0e728bb2e27bd61049a763e11fd2c649";"10.5490640987811"
"301bdf58db49cd113119cad4d1a78992";"9.15732046379559"
"2e3464ea0f211fddbfd8f88ad4c80133";"10.175919904148"
"02ae6123e47c29a652c0e835a63b6f4c";"11.9401317976045"
"2fa02d5cfbdf3d21a20b00b199f28bc0";"18.9377443783427"
"0a893eb13f67b7c9e2996b8f8a21f4ec";"23.9534390707495"
"ef10a68b0b58680411423b627e07832e";"44.5157642870383"
"d8f6eebc9198562528e812bfa9befb67";"25.3470133904972"
"ad653ec0690f1311c8682d711340dcba";"20.12009197323"
"b2335e8c8e7accc49a3e5136f0d74ef7";"22.4115270809641"
"1ff7767b5616ef6f6a9ad2638a2ef271";"11.391515729584"
"52a582e5d3db7b399a0f3e4c282ee4d2";"9.19100129900353"
"606e939c1b96d1d4d138fc4519d47942";"9.46419162344552"
"8e2d40904a3931db7900145a337bd4fe";"10.7907619420289"
"476c39d376efb26d01eb0741e09ca3a9";"10.1479072784152"
"564a4e6c039e0c947747f2d6595db0df";"9.12464046690826"
"e4578e16cfce4aba609526624f8987f2";"8.27400572838072"
"ddd25ec7c5a1297536f304e6733384a6";"8.94510000124983"
"c87fd7a969ca2b8f6092aea7d9da3fd5";"9.72580182787278"
"19ac24628cf1e3e747e233be62e3c990";"7.7712278386032"
"3cb019a861cccdb2e236f9674ece4439";"7.71808515744826"
"6ad56f17d30c0f0714036dc980bab90d";"7.92605707561036"
"0aa916bbb74dcaf995690b636ac391f3";"7.99390143698744"
"177393163bac741b27af69839c8db38c";"9.03153355944912"
"6a9c0906534978221ae419cd8672eb20";"10.3714333512033"
"804656d6a80426efa8bcbee0969ca288";"8.18520372346999"
"578a66fabef959cc98016c8ce37c72cb";"8.78070223119778"
"be2cd8b153a0a9b5e70d25f21bcb3b0a";"9.51237055456218"
"b8309444003d13e874b51fa2efa3b037";"9.36967206900617"
"8d7bf0f05f206d08025fdc96bcdc92c8";"10.7261021702018"
"09d723f93c291414489f0ba938846707";"9.61119086765666"
"989cde414a0e5ec3172ab4b47bf060e6";"8.23741891699835"
"c582f322c669d0b2bebfe223153f1587";"10.5122463936912"
"06fedcffbdfc5dbfd8b1f3cec26999b9";"8.75335923313344"
"ffbddb104b591903087d19414ac796b6";"53.6069815517765"
"b5f32fd12dc97b46d1a1a85f644dc8ed";"84.1927651787055"
"af44adc3f5abdc2c8d7b27edf8bd0ad3";"87.3397886314064"
"9a025aff01090166d2857c209d01ec4d";"8.67080480570645"
"f4b4907cd49ea913db611769a49624e6";"8.47783523056109"
"8ceaa01e207b0a1b6ff9a4e5e9254f1c";"8.35726628747385"
"c6dd5348cf159e8ed29f728d44c493b4";"9.40868377959472"
"fe02124c767c8897fb0f12ede248a8b1";"9.8959555699891"
"c8d8759d45b93030ab7916e28c5668fb";"10.1359742485662"
"3ebefc2da3df4e81e5c118dde69e33d9";"12.059710774806"
"1bf0689043441a0b1e6054f56a9665e7";"10.9644868031246"
"1f0150b43045887ad74bc71e71dadecb";"11.1493697132888"
"753e7d8bfd2811f1cbd6b66589ad92c4";"13.766366370753"
"79a262bbb62637c7664731d5240c56b1";"15.7853881591461"
"feac19e5917fc7bb2a7831bf12997f47";"12.1230966374452"
"c47c317ea9a94c80fa2b37c38f5c5890";"14.4433401202942"
"60078edf06bf6603756fc2ea7669c375";"8.34174621732454"
"66d77aec484a5171eaf0a7bfea7c0a98";"8.26642176054024"
"a48df83a3189cfbf37d245a0ae8b84fb";"8.20159390985061"
"1f26133e852acf412eda63790da577fc";"8.18010878311418"
"c777964c538185e5f9d47b2caff8ee49";"9.08411870716189"
"41a39d4c121e598398211c1e77945294";"9.62418910012459"
"8b0ea63181ea7ff1716090aa2eb25fc0";"12.0665906036976"
"846893a98e6714c53c5bfb6cad4a90c7";"8.80230391297719"
"4d8ee7e22fa5e3fc736ee788f6092b71";"9.33069955574771"
"5963653b1022090fcd5b1fe82c597a42";"9.87356487866738"
"c1128038bf85646bb596b39e35ce354d";"10.399121302012"
"b338056bbbf69962757c9141c3f75145";"12.5761277622387"
"27cfc464d8242e2d02a075760391a229";"10.9421718704616"
"7f4df4814fc69a399562cc181dbe770e";"13.4530852716459"
"2dff74d3b022fcab29e4cf5ae74b8c9f";"8.94887422366613"
"f84a3242c07f5c89157dde3c7402489d";"9.39514244713471"
"ccbb09be9ca9302e9304d91fc450cd63";"10.8873433942233"
"2e094ed8d65338f72aca69c048cb42ef";"8.59756370555349"
"392079b11eee36910eb8348751ec505a";"16.4143009673234"
"3a845fc7a4d86498be19b93ddd217715";"11.1991142251591"
"2501b609079b78786dd00d2dc2562502";"15.5268201830001"
"d9bbaf2d48b83ce8ccae4c7f5a8fa9b4";"8.74701308017388"
"7e2746ec3de5a96d9d6e1e148caeaeae";"9.60472720911018"
"d22dba94dc0a0b194dbb3ca90f4caf59";"18.8257741607476"
"7bec55bb175ab5272296339416f67ff6";"9.52921263799637"
"123048432e21f2aeff6a536e4b2ad15a";"10.5911118396997"
"0fa7494543eb6ba83b7490e97dea8fad";"10.643060588252"
"f615b4f75672c825c8d799ccc662eb05";"14.413373118699"
"5fd7da06c65b0ff098d5b2937b9fec63";"8.40240314727333"
"3602efdedc4c32419584154cf6b6d554";"8.37624364480867"
"f9e3b6a657ddd32d9db23081ede75915";"9.23227863140107"
"e3eeceff6022abf25ce96d94352e09a0";"10.2203564139602"
"21fc2f5458bf2e5e014b8b274e7dc0c8";"8.40677567234695"
"6add41f83cd0b5e01591906230750aa9";"8.41286201049978"
"a41dcbe500603433ca28c04e315f3807";"8.5190009648542"
"a783842c9440b8db77f65df62491db17";"9.23039512606203"
"e8ec3fece3756820bd40773cf2517467";"8.45860143694768"
"2a9e1ef7e2d701e4aa0f5e837a61ecf7";"8.33787136707388"
"79f10fd40552152ef6eaf7267d7cd46b";"8.21228664030855"
"207b4a646bf76c2d91ec9c637fc76a44";"8.21809154716676"
"6b29cc173dc7878decbee20d5c2901a4";"8.30598933818645"
"4e65fb56e5de25c6b70fa17f064570ed";"12.0481926639445"
"d1f6f4dfe956619b5a9800c044aef6af";"8.20674855701747"
"e227bf3e9b4bd285582cb86e832d54c6";"8.1510483162908"
"851516d9fdcc25bec18a30d933b914be";"8.39401204059309"
"d2ef29468374e60ac638e98a1c48bcc5";"7.92340157213824"
"5338676918dda4288724e206fd1e311d";"8.05140485817669"
"07829c186dfb5cff5bfa208ab25aef28";"8.90403813795824"
"d5e31c10606c8f9861258bc0dfe1a9e8";"7.95415697708489"
"7e7a066dba6c167d0759a193194b8a18";"8.12359075035787"
"d3004824aefac77dd2a829286320ebb5";"8.43106125538181"
"141ff32d0b3e6c38f51c9f5472aacb63";"8.50477487213623"
"2e7eb845e487ab0674d90606db630c58";"8.75762600291085"
"97d0eafc3eff1d6637680812b6400b22";"10.1056572192497"
"0d086d1183b387560bed3e6b9e0ef995";"11.3419948745644"
"8bbbe079f3edaf2ffdd9304e9eea75b9";"9.21140602379824"
"01b03ce0bd513426f00ba979d34533c4";"9.4224191436083"
"039290cb8060ae54f7d11e343fef9cae";"8.47165231102016"
"4fcee417b4c6bd5f442a690ec3da5a76";"8.39550138967299"
"536b49b974343195882b652d373803ee";"8.35135119658316"
"7c4fbdec7ed88e0419fb4504c915914f";"8.74625237424496"
"e19b36c2435c7848bf2cc03af932568f";"12.5682093434739"
"e0d9d90ef663c02bab0f52d91052b3e9";"9.38643283721951"
"83f8d9145a7966aadfe00cd571a734ef";"9.37645373790485"
"1eca3b3ec25a18b7491043cc3f61c7ff";"10.3760173634403"
"6cff87b3b3a734eb3b1e250307f63169";"14.6186694574878"
"8dcdd9f576475e737ba1448379002894";"8.18221164618731"
"733e0760da5d5776525c3de3cbd3b772";"8.08755211889974"
"69743c90d6373d04f1efdf029d7b4615";"7.89922627441161"
"131b978a19e6b478eb19dba1ea3ead03";"7.68926366933288"
"f6abbee2363a81d965e1da6a00a960da";"8.02267421642723"
"b113622e9dcfff655ef68ef0b324c9b9";"7.63404922826139"
"ad1bd8a2cbcd45cbba69d144bbc28551";"8.42769448349299"
"924d707ef7dd465f573775bd96ab2137";"7.71542319420285"
"c2f8d8f1d349410150754396699550a3";"7.93776700014456"
"b2a66a5980667ac55daaaf75d730bf47";"8.4071933279104"
"cd8339cc2ddcbf3cb54cfedd55b713b3";"8.9964267804778"
"a07a0ee8049225c134bdb29e40fda4d6";"9.16182634799848"
"6ae05f9f4eef0a21b206e7d96489c95f";"9.56389041299382"
"9e0b6ae8eb29c33867d20ab29496e846";"13.5320116855207"
"bfa7431e5860a0038d8919fc97c3d4c8";"9.8632385648551"
"af276e542c17f2fef2599eba00785034";"12.5501234888551"
"9370727bdf4c0f864e9cffc5dae207d7";"10.9884595100759"
"15ffe537344392bc90280f719e8301a5";"15.6013862302046"
"19a4ed7fc1fe0520248de376f7fcea51";"9.3753787940279"
"f42bbfff3211503d81e0d631cb70b3b8";"9.88892455900828"
"5a7444e8c8b24383f3fdc831ce5a8b02";"10.2931749918254"
"d433be0af9d8619dfbe70459f89c3040";"8.3085562155479"
"f22b006912cd315820bd1d4173dcf84e";"9.23707415677899"
"67792704d1e01d8d98f313b4847ffac3";"10.7657992800653"
"263943c4188de8a94d5fd07fc92b5291";"15.1441185042995"
"052ac3f997cec7ab83932027b7351fa2";"21.5396540500002"
"2eecd1e6fa3ee4d96cc8c3a19a9ca0e9";"8.4343535478701"
"308afa533c96da9864c57ca77bf123c0";"8.52303825911973"
"4059ff11a07a62b6bcfeb2fb2535b687";"8.55291202909081"
"158cd539266da2667f8bbf15c5b3fe86";"8.74469638726693"
"76e2786a26ad14ba4631acf3b9c53573";"8.76903838756244"
"e27b4d64266432d46c4fb4b9232d47cd";"9.19738102208435"
"d239c385f53d080f5603a897f3361738";"9.0087047527242"
"c228a9c205eec3453f4c9dac6f8bba45";"10.1290035127219"
"733a83cc8e5f0806f1b2e55aedb17435";"12.0369982071753"
"febfd14efedecf59f7ca84de058a741e";"9.56893689051613"
"5476a98c407cda4c70d26f4d1e04534e";"9.96157362185662"
"3a674c27b0b8ee3ec7bc39533cbbe39f";"11.1061490434636"
"1534ccbb10106d088c0640883a0adb15";"8.90530068395416"
"cb4684d13e20eb1fec5ccaa412af8ecf";"15.3008092232938"
"9429cb8014853e9bacb2623fa9bd17cb";"9.9633118270999"
"9de0ff3fc419ee638a9e23461a1e49f3";"8.73288569144744"
"ad0df6df935856701a573fd1227f8b61";"13.2022156455367"
"612cdaabf6161a3746396211ee0c5838";"12.5646973731839"
"226ef6e042571b8df948ef405251e38e";"13.2678529199816"
"221b882499cd93d4f2d806019d1b5179";"14.1769847831637"
"9377cb5ec32ff4ea66c34bc0e4aaeb7f";"13.752778317114"
"80569b6f64fe8d3c5203bc47fb2c3f3d";"16.0789115868239"
"bca18c7367471abdea3ed3b26a94a705";"15.0798114862574"
"520a82d9f61da845de271961c048c9ed";"13.7342850106548"
"f2961cd2311226ae5a83e6727123a640";"13.0351357476925"
"5c1d07a4a08765596082e92718d743f3";"13.0448983869443"
"35e5ef25895c006ac038b627ce1f7c28";"14.2090032186136"
"922df5db9d28c21247eda2b34f68be31";"13.1371069577055"
"dca8ce56dff7d641f5ed5792db47863f";"14.0893140844734"
"c2308f88ae992656e02456bec72bc2ef";"13.9416233791131"
"9adfe70611797517892660d5fea2693f";"14.5170470776431"
"cf4fd1f39a9a37e373fb073a8556119c";"16.3300909996037"
"fa1e5fc383c35e737c2c32ee7c8e357e";"21.3328312585756"
"a67a79d3c05782300b40e7ac60f52bf9";"18.1898435905719"
"f4e1c156c5c394d79bde10fbe68ddebd";"15.5538043912215"
"eb62e63b448733ecf9b197337f3f945a";"16.3495561680447"
"9364fc17854274d62b5a96f0b6b975fd";"17.277644736421"
"0e367e5d6c0a5b47c1714a51ba4de356";"21.5144402401005"
"0d50b41c605c80ea7d0861a7170d4685";"28.3437950278695"
"f68923ed407c787a1a1425a138189ef0";"36.8786630939877"
"ff97d12ecf151b1364705f839f5c7372";"37.0282250164198"
"362d57df1a7534a0efff9afc491715aa";"37.6716215446815"
"664bb74841cc8325606e77eb1b891cdd";"38.6366265758532"
"1661a2c626d85afa2f3b77a47cd5e535";"37.1352674296974"
"781e0803ead5039c7f4394c01126c957";"38.4527826230599"
"98de094e0f5b6cf5f54a3a67007e8ef8";"38.9298687138126"
"759d42d424945c94bf3d3648c7f6d762";"13.7778017099802"
"7a15d86063e6a7b8245e890e704eba83";"15.3569666059784"
"f0042e5b91ffc0d73e9d813230a34a07";"15.8986010176349"
"bb7af9667fb9379f5735f276a90fc7d0";"14.011955581908"
"66f7c85cfba90f23c2e3feb066c54426";"14.2445580342646"
"f28a307a74c4fa6b1bda867a323ded38";"15.8977217265428"
"ff779f902551050bb3184d1fe6dce763";"16.9453323825042"
"50e5757cab005cedfb1c4dd8a0ef4370";"13.5533176302343"
"e2d553edfd757facab9e7faaa50e6eb0";"13.4291310106981"
"f5c5d34fac1af41b08fc72b69fc099f5";"15.2721181209111"
"ade0a5556ffc6c1f9436911499e04c2b";"14.9711758953081"
"f6377647f0bc0ad0fb87207f195fdce6";"8.39894109440491"
"66281beb487bba659edc66328289e9dc";"8.32050209343059"
"455be568060fecff41c9a9ffa822bfdf";"8.32485414884568"
"f12c09e919952663d50213b99085e76e";"8.69709675146637"
"4805b3679979d60ef630ae360fd9e84b";"8.7836087282581"
"ab006fa26436b1e847fd971708df0f45";"8.40894009678676"
"70c32a5aff38ca255d9de97216f84a86";"8.45678132586266"
"04d3fb03db699f398aee1e8cd0d565dc";"8.74614029713784"
"f65137feb33ac2b55f46319c29dccfdf";"9.77969382516377"
"ad1c02ec179608b7b03a1c6820fb979a";"11.0351966331886"
"762fc30c09500e84e297e553bae591a6";"16.7324242542575"
"91462a17abb3d2365470e47a758b31a9";"59.0821755188773"
"0dc7d7266ddf32850bf55b15735467cc";"16.1173390920826"
"e4ecdb305af546a71c494697ad4d89d4";"10.8375197393517"
"e0768c8ea1f6f116e33f55511611246a";"11.1690201714177"
"943140587a06061924e8b0cb4646feec";"12.0289077248917"
"6862e726eef127b4f106a99dda7ba01c";"9.36103723426747"
"b89dc99d6960478d00a4a164d5c5435d";"9.5371716081313"
"fbe65193ce10b21316285e7f10d3395e";"8.18567214695973"
"3f24fa99f3150a79d2773e265808089f";"8.59202843869705"
"e89b10eb7fa811f4386941766a99d1e0";"8.14236561263051"
"24439a1aba2be3e735956c550c12180c";"8.06698333829018"
"9ca8d74a67d143e2add83ec7beef2c4c";"9.0654150453805"
"dce80dd28b368391da9e6ca2c494457f";"8.07714292145291"
"af86a1dee63624df7d7b843b85d71288";"10.5806464792462"
"055f4ab7ccafd87d1315c49500d5f1a7";"9.89328223094308"
"eb834ac77192a16a35abeeebdf4573e3";"11.3012097074523"
"ca5ea47bae71232d4cc2aef6f80cbf89";"8.1333510931381"
"22a33f4b4c02e30c34a09bd8a0f9858d";"8.25730265528967"
"a62c984cc81ec4a5b78b350cd02c9e16";"8.39666693182971"
"a53e5ea1661755186431030a52a89829";"8.64747207691193"
"d384e684674f240a10d0608b9818760b";"8.71725259643788"
"9b134da2ff8f8e402f760d9f0630a74d";"9.0429995933608"
"460e60b0d8997fb588ed973d14b2d755";"9.81096029653678"
"f579334005fa335a0fe47f7dfb7baa31";"11.0473768834906"
"269885dd67d561170c6ab970471055c2";"13.4285244050794"
"2b56cd51d44f0ceb2a025c5ee77ab602";"10.8836864109931"
"95085be9c1dfe76dd739eef9174a355e";"9.41298147574713"
"506bfe3e7a1ed5ae371abfb57b6c1134";"9.03275114489428"
"c34111f4d849679d368449f4d736a383";"10.4110128491953"
"1914072c7e319f0a605714b26f12227c";"12.2822852722473"
"219c6e142e3ec3c0aa6ccd9ce0713c9c";"18.1476170107632"
"b1d79c7ea5d7c6ad082f297f7702e0df";"28.3658911692613"
"2cadeb1898d9bff05b36eba07970f8c0";"11.3569603163386"
"ce6051eac0ff1d62f2e9ef7fc0cd0859";"12.1388679260292"
"1d5d2a32f7d2b2eae1148cad65bdfa54";"10.3706445070948"
"5a7c352d1300a47086fe7331239f69a2";"9.44103952577564"
"c87d85c97cb7a488ab3ad6eb6028edfc";"10.0991425198659"
"5bac35d0df752bf28fee464364da14b3";"11.4866279671502"
"a6cbd9a805b9a6d29efe3b7c65f14767";"10.1965210547858"
"5b2886c9af8e39949533cabd2f7d87b3";"11.9860553505969"
"1a70b1457ea1c031b0f550239923e984";"12.0443133956521"
"fdeb432b02d2068a1b306ea97e9f9b74";"12.0711986912228"
"985b1cc3c4fb9d18d2b16524dad521e3";"12.8229256747143"
"561329b78e5c08d03f10f1d520a40c9a";"18.8245055638252"
"532f5b342a6bd61ad33bc469b4bbde1e";"13.9747498472554"
"170972ecb6c8be112c0b8f3a054c5803";"13.5925554862757"
"bdd4f8c2e0e6bc19c2ce4fe75acaf2d0";"12.1048062294526"
"2087bd51e671df3e93b6e7437796df48";"12.0064055457256"
"7e69ac98e5983a86602c5cb66c67a1dd";"12.3496196729415"
"2a2967ce0b48cfc20b7113597777dad7";"12.846054420484"
"6a46f502e95ea473057e60ccdc6b0704";"11.9314043750472"
"e87d56615872890b8e0c0c386c23d663";"12.5526200916159"
"d4411b9d6d9f8276910dcf7523f389f5";"12.8543283975695"
"6070fdf1e8cfe3438806ecf338f73f33";"13.0979219134059"
"55e8bb7597462963da1ca583918d9263";"15.8102622096899"
"2454135e338bb2b7ad5ea272cb706812";"16.1177493603217"
"bf29ebc097a2dcb0395407e48a2bf003";"15.9589411218577"
"f6502db99b71453998d29f166c53a0dd";"16.4863852959357"
"be266bea254356d7769fff44fffc8801";"23.655439463211"
"3cb9195f33187abbd21fa54ba3f32afd";"18.87438417857"
"ae3e83fe4599f49058b83c3da9bec0e3";"19.9497862416595"
"c135503768d2a484bdeb3aca998cef05";"21.1725666833028"
"3bc7743f6ce956d5736c9fe951db3ce4";"20.1257148870764"
"50b16bc2da6a6e45c50cbe20097da697";"21.890350554521"
"48b894b92fbee103ef6ea08d40e4d0df";"16.6228955914892"
"540647a6a0ea6ed3307a195e21da3639";"16.6688558167498"
"0fbfcfaa9d22dd2162457182986765ce";"16.8502057694008"
"51828000f54648b5846e0725e9461c4c";"17.1233470404535"
"d2ca8994ba2db69e55b09d31dc253e59";"17.978182994077"
"f63851a25626e98de155f8b192dca2f6";"18.5404698101643"
"3ab96bf3acea466ab2a8448a7e94e3db";"20.1230061489221"
"c3474cabb204ce1466610ababf04280a";"33.8013797877925"
"d58a6152dc8c817c1120a4814f57cdda";"17.5507786534362"
"6748257948f88b54906b5d1e73ad0b0b";"16.6497387125238"
"76c055b98e6108a561e562d5f1edfd05";"16.3066245093871"
"6065c733f933f7b7fae8d150d73ad9db";"16.2619470939352"
"b277a3987ca8c0bc5f8922f05b1eed03";"17.8699707342386"
"7ff98cdaa4cef7d89ff244bc572d3f9f";"20.4231436682279"
"7ab038c47f01f5194ea98f04624c440c";"16.264024391608"
"206c4715212e03e302dd7e16d3f18300";"16.2456326409483"
"1fd3474d243959e38a2cb169ff807652";"16.8473095296133"
"29005f2a9af85fefdb93ccaeec326139";"16.520758118412"
"6e4a0779394c4d27c3583eb20af3a318";"16.7061639015459"
"7c59076d837aff689f803a40b9f82e6f";"17.18291843546"
"79818745e98e9fb138f17e5e78dc5aab";"18.4769529890467"
"0e2be3c86d18ffd16db261e10b8f0b92";"20.0687061818151"
"8fbb91d375db80187ebea96bb04ebdc6";"16.3472402597062"
"e3315cc96ded4a450dd41e172a176382";"16.5337504292592"
"18458e0a181aa46c764dbfb3dcbaa315";"17.6478136764592"
"2601e134eeb40f0e830f3145e2f27c68";"19.095745656698"
"a66393de8d0364f4d48129dcab8d451d";"19.5228068667774"
"23d670bd996de540edb9cb48855c0906";"16.6490021458364"
"646ed1ebb5b6b848194490a9d1aacda6";"16.6527406775396"
"450cf5777735cdb44c0e8c55518251ac";"16.6944560195809"
"b55b957f3ae8ee078b2e1d27f5e302be";"17.1916678798624"
"f838e3f47cd484b7eae8a92e5cbe5e21";"17.4727273138148"
"99067689db93a88db457485917d59568";"18.3007067755154"
"5ca0a38e82161e6ef6f1fb0e049a2f5f";"17.5185566035993"
"a17aa43fcc3ac9cc6097442f6ae6a867";"17.7646081141247"
"dd99d090e7b824fe4931a29c1b07770a";"17.6940284983103"
"03e7872e0255d8740b3d00bf04441889";"18.8203131759196"
"d4474b9498c36a35730063ab638143d8";"19.6652739647777"
"4c8f6d1b58b077dc169c25591d4dbdec";"25.4740753586895"
"33378f63aeaad39d1466a3e4258da6ed";"17.0968393909816"
"de330ec5d6f23f6b4d37e8fad2abafbe";"18.9492910296048"
"36204c789308f5f8c75b0192cf658872";"18.8513314411467"
"daa4a6c5a30c5fdb37033005bcb580c8";"18.451502156231"
"5b788940b8c22fb8ad1eea6ec90e6d82";"18.9861742490817"
"970bdce2512c2e247201c6c5d885dc5a";"19.6351048766953"
"fcbf5cdd1e958f71e1b874c0f7fce779";"19.7701369842413"
"7367010d2fce5fa9aff19db0e67b6484";"21.9793376090994"
"60c5fdb373a6789f66f06b058957957b";"25.8161192310549"
"bc201df332275684d699f6420d9cef12";"29.9817953672137"
"d5dc67621e8f8fb3acf2bbeefbd7bf03";"29.7874343503841"
"b97a49797681c811b1cddbe888505098";"29.4639633358331"
"0cbbe764741d0342a584b985a52c6d14";"16.9810451575947"
"5b5882b8d062d49355bd56046341391a";"17.8168761457917"
"fe6d73203eab0f7400e26634fc5955c7";"18.2769818935212"
"deb912bdaf5592c6220a192a122b48ae";"17.6195621624038"
"7835ae465c9e90523c83d1717bec6185";"17.0869222172855"
"30741a8b78a54ab89345784196f8f472";"17.0103158293439"
"465f31cd8729b81c7e7b301fd6b5553d";"18.5427642413724"
"efd7279f97efd98c193664e7ae32d857";"22.0196422595831"
"ba6b57270bce5fec13088e4797b2d327";"10.3212308722175"
"805cfece0fd66a8836b61513b18d4568";"7.37634514262238"
"5963d266b7a9ba2e6ae6f0f32c2e36c9";"7.79371648605483"
"13789da77710c3a0e6a5b763339b76ea";"9.7233387248471"
"2904cf0dcac6dcd0f79f1506de94e68c";"7.46299082996944"
"3179ece28f686f93a441e2b86bb4347a";"8.34374069808406"
"acc239fe6870fee32b289165ad52fbcd";"7.71429734777878"
"adfd2543b9d8c53f986dcc73368c4bbd";"9.97377523237682"
"aefce07e9597e2f2730ece9985d66e35";"8.83733630944546"
"336c8c58a463945d881b3c832ba99ba6";"9.4675397232258"
"fb0db82e08a110256d1d5367faaebab6";"8.20789163704521"
"ca3544adbb2effea1b1ddc67efa81269";"8.25831411658207"
"6f3d7c65973ca20eb612e827cac05ad8";"8.37441788788187"
"f8f2b381c72c5a51803bc24540abc80d";"8.64739922195858"
"656330a765c52a2bd596d71d2c065282";"9.30289517324532"
"c5190b04e6ea2db430447f2cc51112fe";"9.36161593650922"
"3f59d95f7379aa6bbead90b1a2a4ca7f";"8.29676784298096"
"8381c0f927c56e3d5d59bce55ce29e9b";"9.15069196305231"
"861e006db66db08cd5dd01c6a7a843ba";"10.0080801087609"
"4d973ad6c7139f7025b2327cee78eb68";"12.1335251455238"
